jurisdiction,includes_jails,year,prisoner_count,crime_reporting_change,crimes_estimated,state_population,violent_crime_total,murder_manslaughter,rape_legacy,rape_revised,robbery,agg_assault,property_crime_total,burglary,larceny,vehicle_theft
FEDERAL,False,2001,149852,,,,,,,,,,,,,
ALABAMA,False,2001,24741,False,False,4468912.0,19582.0,379.0,1369.0,,5584.0,12250.0,173253.0,40642.0,119992.0,12619.0
ALASKA,True,2001,4570,False,False,633630.0,3735.0,39.0,501.0,,514.0,2681.0,23160.0,3847.0,16695.0,2618.0
ARIZONA,False,2001,27710,False,False,5306966.0,28675.0,400.0,1518.0,,8868.0,17889.0,293874.0,54821.0,186850.0,52203.0
ARKANSAS,False,2001,11489,False,False,2694698.0,12190.0,148.0,892.0,,2181.0,8969.0,99106.0,22196.0,69590.0,7320.0
CALIFORNIA,False,2001,157142,False,False,34600463.0,212867.0,2206.0,9960.0,,64614.0,136087.0,1134189.0,232273.0,697739.0,204177.0
COLORADO,False,2001,17278,False,False,4430989.0,15492.0,158.0,1930.0,,3555.0,9849.0,170887.0,28533.0,121360.0,20994.0
CONNECTICUT,True,2001,17507,False,False,3434602.0,11492.0,105.0,639.0,,4183.0,6565.0,95299.0,17159.0,65762.0,12378.0
DELAWARE,True,2001,6841,False,False,796599.0,4868.0,23.0,420.0,,1156.0,3269.0,27399.0,5144.0,19476.0,2779.0
FLORIDA,False,2001,72404,False,False,16373330.0,130713.0,874.0,6641.0,,32867.0,90331.0,782517.0,176052.0,516548.0,89917.0
GEORGIA,False,2001,45937,False,False,8405677.0,41671.0,598.0,2180.0,,14402.0,24491.0,347872.0,71799.0,238484.0,37589.0
HAWAII,True,2001,5116,False,False,1227024.0,3117.0,32.0,409.0,,1142.0,1534.0,62830.0,11162.0,44925.0,6743.0
IDAHO,False,2001,5270,False,False,1320585.0,3211.0,30.0,425.0,,245.0,2511.0,38181.0,7507.0,28285.0,2389.0
ILLINOIS,False,2001,44348,False,True,12520227.0,79270.0,982.0,4010.0,,24931.0,49347.0,434648.0,79158.0,306757.0,48733.0
INDIANA,False,2001,19646,False,False,6126743.0,22734.0,413.0,1716.0,,7171.0,13434.0,211548.0,42758.0,147291.0,21499.0
IOWA,False,2001,7962,False,False,2931967.0,7865.0,50.0,649.0,,1154.0,6012.0,88634.0,16885.0,66244.0,5505.0
KANSAS,False,2001,8574,False,False,2702125.0,10909.0,92.0,945.0,,2423.0,7449.0,105537.0,20514.0,77038.0,7985.0
KENTUCKY,False,2001,10720,False,True,4068816.0,10510.0,181.0,1051.0,,3269.0,6009.0,107356.0,26964.0,71448.0,8944.0
LOUISIANA,False,2001,19660,False,False,4470368.0,30678.0,501.0,1403.0,,7864.0,20910.0,207693.0,46451.0,139555.0,21687.0
MAINE,False,2001,1675,False,False,1284470.0,1435.0,19.0,326.0,,264.0,826.0,33154.0,6898.0,24585.0,1671.0
MARYLAND,False,2001,23739,False,False,5386079.0,42088.0,446.0,1449.0,,13525.0,26668.0,219512.0,41553.0,145934.0,32025.0
MASSACHUSETTS,False,2001,10203,False,False,6401164.0,30585.0,143.0,1856.0,,6476.0,22110.0,167079.0,32430.0,106821.0,27828.0
MICHIGAN,False,2001,48849,False,False,10006266.0,55424.0,672.0,5264.0,,12937.0,36551.0,352353.0,72038.0,226708.0,53607.0
MINNESOTA,False,2001,6406,False,False,4984535.0,13145.0,119.0,2236.0,,3758.0,7032.0,165046.0,25496.0,124519.0,15031.0
MISSISSIPPI,False,2001,15131,False,False,2859733.0,10006.0,282.0,1147.0,,3294.0,5283.0,109609.0,29821.0,70315.0,9473.0
MISSOURI,False,2001,28575,False,False,5637309.0,30472.0,372.0,1383.0,,7771.0,20946.0,238411.0,42977.0,167420.0,28014.0
MONTANA,False,2001,2795,False,False,905382.0,3187.0,34.0,188.0,,230.0,2735.0,30175.0,3670.0,24684.0,1821.0
NEBRASKA,False,2001,3915,False,False,1720039.0,5214.0,43.0,431.0,,1128.0,3612.0,68963.0,9760.0,52713.0,6490.0
NEVADA,False,2001,9862,False,False,2097722.0,12359.0,180.0,883.0,,4932.0,6364.0,77486.0,17711.0,45073.0,14702.0
NEW HAMPSHIRE,False,2001,2419,False,False,1259359.0,2144.0,17.0,458.0,,445.0,1224.0,27089.0,4889.0,20060.0,2140.0
NEW JERSEY,False,2001,26052,False,False,8511116.0,33094.0,336.0,1278.0,,14110.0,17370.0,240551.0,46812.0,156031.0,37708.0
NEW MEXICO,False,2001,5668,False,False,1830935.0,14288.0,99.0,850.0,,2695.0,10644.0,83095.0,19552.0,56406.0,7137.0
NEW YORK,False,2001,67554,False,False,19084350.0,98022.0,960.0,3546.0,,36555.0,56961.0,458003.0,80400.0,329316.0,48287.0
NORTH CAROLINA,False,2001,32203,False,False,8206105.0,40465.0,505.0,2083.0,,13304.0,24573.0,363777.0,101889.0,237241.0,24647.0
NORTH DAKOTA,False,2001,1088,False,False,636550.0,505.0,7.0,164.0,,60.0,274.0,14834.0,2165.0,11583.0,1086.0
OHIO,False,2001,44868,False,False,11389785.0,40023.0,452.0,4466.0,,17199.0,17906.0,435115.0,96910.0,295976.0,42229.0
OKLAHOMA,False,2001,21719,False,False,3469577.0,17726.0,185.0,1486.0,,2746.0,13309.0,141679.0,34573.0,94537.0,12569.0
OREGON,False,2001,10950,False,False,3473441.0,10650.0,84.0,1174.0,,2749.0,6643.0,164524.0,26648.0,123034.0,14842.0
PENNSYLVANIA,False,2001,37641,False,False,12303104.0,50432.0,651.0,3467.0,,17500.0,28814.0,313408.0,54345.0,223350.0,35713.0
RHODE ISLAND,True,2001,3364,False,False,1059659.0,3278.0,39.0,416.0,,986.0,1837.0,35742.0,6824.0,23875.0,5043.0
SOUTH CAROLINA,False,2001,21719,False,False,4062125.0,33114.0,330.0,1769.0,,5987.0,25028.0,186054.0,42611.0,126742.0,16701.0
SOUTH DAKOTA,False,2001,2799,False,False,758324.0,1171.0,7.0,351.0,,103.0,710.0,16473.0,3087.0,12571.0,815.0
TENNESSEE,False,2001,17466,False,False,5749398.0,42776.0,423.0,2196.0,,10219.0,29938.0,252992.0,59705.0,165015.0,28272.0
TEXAS,False,2001,148480,False,False,21370983.0,122155.0,1332.0,8169.0,,35348.0,77306.0,976654.0,204362.0,669625.0,102667.0
UTAH,False,2001,4145,False,False,2278712.0,5314.0,67.0,896.0,,1197.0,3154.0,90993.0,13804.0,70676.0,6513.0
VERMONT,True,2001,1400,False,False,612978.0,644.0,7.0,107.0,,107.0,423.0,16334.0,3150.0,12426.0,758.0
VIRGINIA,False,2001,31472,False,False,7196750.0,20939.0,364.0,1770.0,,6860.0,11945.0,207506.0,31604.0,157060.0,18842.0
WASHINGTON,False,2001,15226,False,False,5993390.0,21258.0,179.0,2600.0,,5934.0,12545.0,287234.0,53024.0,195133.0,39077.0
WEST VIRGINIA,False,2001,3403,False,False,1800975.0,5035.0,40.0,320.0,,707.0,3968.0,41085.0,9601.0,28268.0,3216.0
WISCONSIN,False,2001,20766,False,False,5405947.0,12486.0,192.0,1142.0,,4444.0,6708.0,166924.0,26927.0,125275.0,14722.0
WYOMING,False,2001,1487,False,False,493754.0,1272.0,9.0,153.0,,84.0,1026.0,16120.0,2481.0,12943.0,696.0
FEDERAL,False,2002,158216,,,,,,,,,,,,,
ALABAMA,False,2002,25100,False,False,4478896.0,19931.0,303.0,1664.0,,5962.0,12002.0,180400.0,42578.0,123932.0,13890.0
ALASKA,True,2002,4351,False,False,641482.0,3627.0,33.0,511.0,,489.0,2594.0,24118.0,3908.0,17739.0,2471.0
ARIZONA,False,2002,29359,False,False,5441125.0,30171.0,387.0,1608.0,,8000.0,20176.0,318296.0,59087.0,201541.0,57668.0
ARKANSAS,False,2002,11849,False,False,2706268.0,11501.0,142.0,754.0,,2524.0,8081.0,101171.0,23229.0,71129.0,6813.0
CALIFORNIA,False,2002,159695,False,False,35001986.0,208388.0,2395.0,10198.0,,64968.0,130827.0,1176484.0,238428.0,715692.0,222364.0
COLORADO,False,2002,18636,False,False,4501051.0,15882.0,179.0,2066.0,,3579.0,10058.0,180054.0,31678.0,125193.0,23183.0
CONNECTICUT,True,2002,18716,False,False,3458587.0,10807.0,84.0,740.0,,4069.0,5914.0,93426.0,17111.0,64735.0,11580.0
DELAWARE,True,2002,6637,False,False,805945.0,4836.0,26.0,358.0,,1154.0,3298.0,26967.0,5355.0,18555.0,3057.0
FLORIDA,False,2002,75210,False,False,16691701.0,128721.0,911.0,6753.0,,32581.0,88476.0,777236.0,177242.0,511478.0,88516.0
GEORGIA,False,2002,47445,False,False,8544005.0,39271.0,606.0,2108.0,,13432.0,23125.0,346559.0,73932.0,234591.0,38036.0
HAWAII,True,2002,5069,False,False,1240663.0,3262.0,24.0,372.0,,1210.0,1656.0,71976.0,12722.0,49344.0,9910.0
IDAHO,False,2002,5451,False,False,1343124.0,3419.0,36.0,497.0,,240.0,2646.0,39128.0,7441.0,29060.0,2627.0
ILLINOIS,False,2002,42693,False,True,12586447.0,75759.0,961.0,4370.0,,25314.0,45114.0,430479.0,81440.0,304227.0,44812.0
INDIANA,False,2002,20349,False,False,6156913.0,22001.0,362.0,1843.0,,6612.0,13184.0,208965.0,42605.0,146073.0,20287.0
IOWA,False,2002,8398,False,False,2935840.0,8388.0,44.0,797.0,,1169.0,6378.0,92877.0,18643.0,68411.0,5823.0
KANSAS,False,2002,8967,False,False,2711769.0,10229.0,78.0,1035.0,,2165.0,6951.0,100768.0,19679.0,73877.0,7212.0
KENTUCKY,False,2002,11583,False,True,4089822.0,11101.0,191.0,1087.0,,3131.0,6692.0,108590.0,26891.0,72378.0,9321.0
LOUISIANA,False,2002,20010,False,False,4476192.0,29690.0,593.0,1529.0,,7123.0,20445.0,198838.0,45350.0,133302.0,20186.0
MAINE,False,2002,1855,False,False,1294894.0,1396.0,14.0,377.0,,270.0,735.0,32985.0,6965.0,24591.0,1429.0
MARYLAND,False,2002,24114,False,False,5450525.0,42015.0,513.0,1370.0,,13417.0,26715.0,217105.0,39765.0,143320.0,34020.0
MASSACHUSETTS,False,2002,9879,False,False,6421800.0,31137.0,173.0,1777.0,,7169.0,22018.0,167753.0,33243.0,107922.0,26588.0
MICHIGAN,False,2002,50591,False,False,10043221.0,54306.0,678.0,5364.0,,11847.0,36417.0,335060.0,70970.0,214367.0,49723.0
MINNESOTA,False,2002,6855,False,False,5024791.0,13428.0,112.0,2273.0,,3937.0,7106.0,164026.0,28034.0,122150.0,13842.0
MISSISSIPPI,False,2002,15355,False,False,2866733.0,9858.0,264.0,1127.0,,3356.0,5111.0,109584.0,29593.0,70468.0,9523.0
MISSOURI,False,2002,29795,False,False,5669544.0,30557.0,331.0,1465.0,,7024.0,21737.0,230520.0,42721.0,159921.0,27878.0
MONTANA,False,2002,2870,False,False,910372.0,3197.0,16.0,237.0,,283.0,2661.0,28751.0,3289.0,23679.0,1783.0
NEBRASKA,False,2002,4048,False,False,1727564.0,5428.0,48.0,464.0,,1359.0,3557.0,68178.0,10329.0,51440.0,6409.0
NEVADA,False,2002,10101,False,False,2167455.0,13856.0,181.0,928.0,,5118.0,7629.0,83896.0,18951.0,47459.0,17486.0
NEW HAMPSHIRE,False,2002,2475,False,False,1274405.0,2056.0,12.0,446.0,,413.0,1185.0,26250.0,4838.0,19468.0,1944.0
NEW JERSEY,False,2002,26301,False,False,8575252.0,32252.0,339.0,1365.0,,13955.0,16593.0,227715.0,43899.0,148061.0,35755.0
NEW MEXICO,False,2002,5991,False,False,1852044.0,13719.0,152.0,1027.0,,2206.0,10334.0,80477.0,19634.0,53406.0,7437.0
NEW YORK,False,2002,66925,False,False,19134293.0,95030.0,909.0,3885.0,,36653.0,53583.0,442091.0,76700.0,318025.0,47366.0
NORTH CAROLINA,False,2002,32918,False,False,8305820.0,39118.0,548.0,2196.0,,12205.0,24169.0,353708.0,99535.0,229307.0,24866.0
NORTH DAKOTA,False,2002,1117,False,False,633911.0,496.0,5.0,163.0,,58.0,270.0,14762.0,2243.0,11501.0,1018.0
OHIO,False,2002,45284,False,False,11408699.0,40128.0,526.0,4809.0,,17871.0,16922.0,428976.0,99164.0,287045.0,42767.0
OKLAHOMA,False,2002,21996,False,False,3489700.0,17587.0,163.0,1573.0,,2966.0,12885.0,148128.0,35171.0,100185.0,12772.0
OREGON,False,2002,11650,False,False,3520355.0,10298.0,72.0,1238.0,,2742.0,6246.0,161145.0,25696.0,118925.0,16524.0
PENNSYLVANIA,False,2002,39724,False,False,12328827.0,49578.0,624.0,3731.0,,17163.0,28060.0,300868.0,55610.0,212441.0,32817.0
RHODE ISLAND,True,2002,3473,False,False,1068326.0,3051.0,41.0,395.0,,916.0,1699.0,35342.0,6415.0,24051.0,4876.0
SOUTH CAROLINA,False,2002,22896,False,False,4103770.0,33761.0,298.0,1959.0,,5774.0,25730.0,183808.0,43745.0,123196.0,16867.0
SOUTH DAKOTA,False,2002,2943,False,False,760437.0,1350.0,11.0,361.0,,117.0,861.0,15992.0,3034.0,12139.0,819.0
TENNESSEE,False,2002,18297,False,False,5789796.0,41562.0,420.0,2290.0,,9413.0,29439.0,249399.0,61248.0,161610.0,26541.0
TEXAS,False,2002,152446,False,False,21736925.0,126018.0,1302.0,8508.0,,37580.0,78628.0,1004274.0,212602.0,688992.0,102680.0
UTAH,False,2002,4285,False,False,2318789.0,5488.0,47.0,943.0,,1140.0,3358.0,97641.0,15124.0,74795.0,7722.0
VERMONT,True,2002,1361,False,False,616408.0,658.0,13.0,126.0,,77.0,442.0,14942.0,3489.0,10684.0,769.0
VIRGINIA,False,2002,30937,False,False,7287829.0,21256.0,388.0,1839.0,,6961.0,12068.0,207783.0,31757.0,157548.0,18478.0
WASHINGTON,False,2002,16263,False,False,6067060.0,20964.0,184.0,2734.0,,5797.0,12249.0,288967.0,54948.0,193526.0,40493.0
WEST VIRGINIA,False,2002,3575,False,False,1804884.0,4221.0,57.0,328.0,,657.0,3179.0,41099.0,9677.0,27524.0,3898.0
WISCONSIN,False,2002,21666,False,False,5439692.0,12238.0,154.0,1237.0,,4713.0,6134.0,164749.0,27926.0,123365.0,13458.0
WYOMING,False,2002,1641,False,False,498830.0,1364.0,15.0,148.0,,93.0,1108.0,16494.0,2448.0,13303.0,743.0
FEDERAL,False,2003,168144,,,,,,,,,,,,,
ALABAMA,False,2003,27614,False,False,4503726.0,19331.0,299.0,1656.0,,6038.0,11338.0,182241.0,43245.0,124039.0,14957.0
ALASKA,True,2003,4472,False,False,648280.0,3877.0,39.0,605.0,,446.0,2787.0,24386.0,3874.0,18051.0,2461.0
ARIZONA,False,2003,31084,False,False,5579222.0,28638.0,441.0,1856.0,,7619.0,18722.0,314335.0,58613.0,198725.0,56997.0
ARKANSAS,False,2003,12068,False,False,2727774.0,12449.0,180.0,911.0,,2227.0,9131.0,99084.0,25016.0,68061.0,6007.0
CALIFORNIA,False,2003,161785,False,False,35462712.0,205551.0,2407.0,9994.0,,63770.0,129380.0,1215086.0,242274.0,731486.0,241326.0
COLORADO,False,2003,19450,False,False,4547633.0,15757.0,185.0,1913.0,,3738.0,9921.0,179706.0,32394.0,124496.0,22816.0
CONNECTICUT,True,2003,18023,False,False,3486960.0,11045.0,112.0,698.0,,4212.0,6023.0,92981.0,16043.0,65568.0,11370.0
DELAWARE,True,2003,6630,False,False,818166.0,5525.0,21.0,370.0,,1441.0,3693.0,27943.0,6066.0,18933.0,2944.0
FLORIDA,False,2003,79594,False,False,16999181.0,124280.0,924.0,6727.0,,31523.0,85106.0,757696.0,170644.0,505489.0,81563.0
GEORGIA,False,2003,47208,False,False,8676460.0,39435.0,657.0,2234.0,,14043.0,22501.0,369589.0,79001.0,247196.0,43392.0
HAWAII,True,2003,5499,False,False,1248755.0,3400.0,22.0,367.0,,1168.0,1843.0,65867.0,11409.0,44807.0,9651.0
IDAHO,False,2003,5558,False,False,1367034.0,3362.0,26.0,535.0,,245.0,2556.0,40042.0,7837.0,29559.0,2646.0
ILLINOIS,False,2003,43418,False,True,12649087.0,70376.0,895.0,4189.0,,23786.0,41506.0,415885.0,78345.0,295907.0,41633.0
INDIANA,False,2003,21345,False,False,6199571.0,21842.0,338.0,1720.0,,6401.0,13383.0,208039.0,41582.0,145686.0,20771.0
IOWA,False,2003,8546,False,False,2941976.0,8175.0,50.0,796.0,,1131.0,6198.0,87554.0,17515.0,64400.0,5639.0
KANSAS,False,2003,9168,False,False,2724786.0,10831.0,125.0,1085.0,,2247.0,7374.0,109276.0,21973.0,79471.0,7832.0
KENTUCKY,False,2003,11660,False,True,4118189.0,10232.0,181.0,1124.0,,3224.0,5703.0,103370.0,26034.0,69083.0,8253.0
LOUISIANA,False,2003,19498,False,False,4493665.0,28622.0,584.0,1601.0,,7008.0,19429.0,193698.0,44572.0,129471.0,19655.0
MAINE,False,2003,1974,False,False,1309205.0,1422.0,16.0,354.0,,289.0,763.0,32078.0,6579.0,24043.0,1456.0
MARYLAND,False,2003,23768,False,False,5512310.0,38778.0,525.0,1358.0,,13302.0,23593.0,209418.0,38641.0,134372.0,36405.0
MASSACHUSETTS,False,2003,9828,False,False,6420357.0,30377.0,140.0,1848.0,,8011.0,20378.0,164543.0,34963.0,104069.0,25511.0
MICHIGAN,False,2003,49358,False,False,10082364.0,51550.0,612.0,5470.0,,11254.0,34214.0,330565.0,68316.0,208538.0,53711.0
MINNESOTA,False,2003,7569,False,False,5064172.0,13316.0,127.0,2092.0,,3906.0,7191.0,157663.0,27698.0,116216.0,13749.0
MISSISSIPPI,False,2003,15863,False,False,2882594.0,9336.0,267.0,1079.0,,3016.0,4974.0,106867.0,29564.0,68307.0,8996.0
MISSOURI,False,2003,29864,False,False,5719204.0,28067.0,289.0,1400.0,,6686.0,19692.0,233564.0,41997.0,161616.0,29951.0
MONTANA,False,2003,3053,False,False,918157.0,3351.0,30.0,246.0,,298.0,2777.0,28428.0,3722.0,22800.0,1906.0
NEBRASKA,False,2003,4073,False,False,1737475.0,5105.0,56.0,504.0,,1165.0,3380.0,65189.0,10133.0,48924.0,6132.0
NEVADA,False,2003,10584,False,False,2242207.0,13813.0,197.0,871.0,,5225.0,7520.0,96128.0,21958.0,53321.0,20849.0
NEW HAMPSHIRE,False,2003,2427,False,False,1288705.0,1937.0,17.0,438.0,,480.0,1002.0,26456.0,4589.0,19934.0,1933.0
NEW JERSEY,False,2003,25718,False,False,8642412.0,31488.0,406.0,1288.0,,13342.0,16452.0,220350.0,43457.0,142287.0,34606.0
NEW MEXICO,False,2003,6223,False,False,1878562.0,12535.0,116.0,940.0,,1937.0,9542.0,76816.0,18997.0,50595.0,7224.0
NEW YORK,False,2003,65388,False,False,19212425.0,89486.0,934.0,3775.0,,35790.0,48987.0,432079.0,75453.0,311422.0,45204.0
NORTH CAROLINA,False,2003,33874,False,False,8421190.0,38243.0,506.0,2139.0,,12229.0,23369.0,359660.0,100687.0,232081.0,26892.0
NORTH DAKOTA,False,2003,1100,False,False,633400.0,508.0,9.0,160.0,,53.0,286.0,13364.0,1959.0,10327.0,1078.0
OHIO,False,2003,44350,False,False,11437680.0,38185.0,526.0,4660.0,,16895.0,16104.0,417483.0,95083.0,281383.0,41017.0
OKLAHOMA,False,2003,22688,False,False,3506469.0,17758.0,206.0,1501.0,,3224.0,12827.0,151208.0,34846.0,103404.0,12958.0
OREGON,False,2003,12207,False,False,3564330.0,10506.0,68.0,1218.0,,2847.0,6373.0,169863.0,28562.0,122327.0,18974.0
PENNSYLVANIA,False,2003,40879,False,False,12370761.0,49210.0,647.0,3556.0,,17980.0,27027.0,300639.0,53918.0,213279.0,33442.0
RHODE ISLAND,True,2003,3576,False,False,1076084.0,3074.0,25.0,505.0,,830.0,1714.0,32231.0,5524.0,22320.0,4387.0
SOUTH CAROLINA,False,2003,22942,False,False,4148744.0,33455.0,303.0,1952.0,,5801.0,25399.0,187592.0,43993.0,127809.0,15790.0
SOUTH DAKOTA,False,2003,3019,False,False,764905.0,1329.0,10.0,356.0,,104.0,859.0,15324.0,2878.0,11572.0,874.0
TENNESSEE,False,2003,19141,False,False,5845208.0,40409.0,396.0,2129.0,,9413.0,28471.0,256565.0,63323.0,166769.0,26473.0
TEXAS,False,2003,153056,False,False,22103374.0,122246.0,1422.0,8025.0,,37017.0,75782.0,1016735.0,219877.0,698644.0,98214.0
UTAH,False,2003,4623,False,False,2352119.0,5889.0,60.0,919.0,,1258.0,3652.0,100084.0,16961.0,75321.0,7802.0
VERMONT,True,2003,1491,False,False,619343.0,707.0,15.0,126.0,,62.0,504.0,13803.0,3017.0,10132.0,654.0
VIRGINIA,False,2003,30915,False,False,7365284.0,20490.0,416.0,1807.0,,6713.0,11554.0,200449.0,29105.0,153367.0,17977.0
WASHINGTON,False,2003,16227,False,False,6131298.0,21272.0,182.0,2863.0,,5718.0,12509.0,291542.0,58271.0,192653.0,40618.0
WEST VIRGINIA,False,2003,3790,False,False,1811440.0,4627.0,73.0,311.0,,701.0,3542.0,42370.0,10498.0,28409.0,3463.0
WISCONSIN,False,2003,22153,False,False,5474290.0,12104.0,183.0,1202.0,,4397.0,6322.0,157684.0,26546.0,118775.0,12363.0
WYOMING,False,2003,1630,False,False,502111.0,1314.0,14.0,136.0,,84.0,1080.0,16648.0,2611.0,13239.0,798.0
FEDERAL,False,2004,177600,,,,,,,,,,,,,
ALABAMA,False,2004,25635,False,False,4525375.0,19324.0,254.0,1742.0,,6042.0,11286.0,182340.0,44666.0,123650.0,14024.0
ALASKA,True,2004,4534,False,False,657755.0,4159.0,37.0,558.0,,447.0,3117.0,22172.0,3773.0,16159.0,2240.0
ARIZONA,False,2004,32384,False,False,5739879.0,28952.0,414.0,1896.0,,7721.0,18921.0,291203.0,56885.0,179012.0,55306.0
ARKANSAS,False,2004,12577,False,False,2750000.0,13814.0,176.0,1183.0,,2372.0,10083.0,110911.0,30151.0,74242.0,6518.0
CALIFORNIA,False,2004,163939,False,False,35842038.0,189175.0,2392.0,9615.0,,61768.0,115400.0,1227194.0,245903.0,728687.0,252604.0
COLORADO,False,2004,19655,False,False,4601821.0,17121.0,201.0,1945.0,,3739.0,11236.0,180322.0,33010.0,123308.0,24004.0
CONNECTICUT,True,2004,17993,False,False,3498966.0,10113.0,100.0,755.0,,4188.0,5070.0,93942.0,15959.0,66770.0,11213.0
DELAWARE,True,2004,6753,False,False,830069.0,5105.0,28.0,357.0,,1343.0,3377.0,27256.0,5669.0,19285.0,2302.0
FLORIDA,False,2004,83165,False,False,17385430.0,123754.0,946.0,6612.0,,29997.0,86199.0,727141.0,166332.0,482484.0,78325.0
GEORGIA,False,2004,51104,False,False,8918129.0,40217.0,613.0,2387.0,,13656.0,23561.0,376656.0,82992.0,249426.0,44238.0
HAWAII,True,2004,5555,False,False,1262124.0,3213.0,33.0,333.0,,944.0,1903.0,60525.0,10827.0,41078.0,8620.0
IDAHO,False,2004,5758,False,False,1395140.0,3452.0,31.0,594.0,,241.0,2586.0,38799.0,7671.0,28389.0,2739.0
ILLINOIS,False,2004,44054,False,True,12712016.0,69365.0,780.0,4220.0,,22582.0,41783.0,403486.0,76088.0,287025.0,40373.0
INDIANA,False,2004,21984,False,False,6226537.0,20294.0,316.0,1803.0,,6373.0,11802.0,211929.0,42168.0,148670.0,21091.0
IOWA,False,2004,8525,False,False,2952904.0,8499.0,44.0,782.0,,1160.0,6513.0,85775.0,17928.0,62214.0,5633.0
KANSAS,False,2004,8991,False,False,2733697.0,10330.0,122.0,1142.0,,1812.0,7254.0,109771.0,20146.0,81115.0,8510.0
KENTUCKY,False,2004,13322,False,False,4141835.0,10152.0,236.0,1238.0,,3268.0,5410.0,105209.0,25902.0,70535.0,8772.0
LOUISIANA,False,2004,19470,False,False,4506685.0,28844.0,574.0,1616.0,,6564.0,20090.0,199153.0,45359.0,134080.0,19714.0
MAINE,False,2004,2013,False,False,1314985.0,1364.0,18.0,315.0,,289.0,742.0,31740.0,6341.0,24096.0,1303.0
MARYLAND,False,2004,23289,False,False,5561332.0,38961.0,521.0,1317.0,,12772.0,24351.0,202474.0,36704.0,129888.0,35882.0
MASSACHUSETTS,False,2004,9825,False,False,6407382.0,29489.0,171.0,1794.0,,7484.0,20040.0,158150.0,34497.0,101605.0,22048.0
MICHIGAN,False,2004,48831,False,False,10104206.0,49737.0,643.0,5482.0,,11336.0,32276.0,309805.0,64233.0,194988.0,50584.0
MINNESOTA,False,2004,7983,False,False,5096546.0,13751.0,113.0,2123.0,,4070.0,7445.0,155019.0,28048.0,113453.0,13518.0
MISSISSIPPI,False,2004,16359,False,False,2900768.0,8568.0,227.0,1161.0,,2503.0,4677.0,100980.0,27661.0,65440.0,7879.0
MISSOURI,False,2004,30682,False,False,5759532.0,28226.0,354.0,1479.0,,6630.0,19763.0,224629.0,40472.0,158264.0,25893.0
MONTANA,False,2004,2703,False,False,926920.0,2723.0,30.0,273.0,,233.0,2187.0,27215.0,3515.0,22082.0,1618.0
NEBRASKA,False,2004,4137,False,False,1747704.0,5393.0,40.0,620.0,,1138.0,3595.0,61512.0,9826.0,46399.0,5287.0
NEVADA,False,2004,11033,False,False,2332898.0,14379.0,172.0,954.0,,4905.0,8348.0,98215.0,23142.0,52438.0,22635.0
NEW HAMPSHIRE,False,2004,2443,False,False,1299169.0,2202.0,17.0,466.0,,500.0,1219.0,26658.0,4979.0,19723.0,1956.0
NEW JERSEY,False,2004,25435,False,False,8685166.0,30943.0,392.0,1331.0,,13076.0,16144.0,211313.0,41030.0,139977.0,30306.0
NEW MEXICO,False,2004,6403,False,False,1903006.0,13081.0,169.0,1039.0,,2062.0,9811.0,79895.0,19924.0,52069.0,7902.0
NEW YORK,False,2004,64024,False,False,19280727.0,84914.0,889.0,3608.0,,33506.0,46911.0,422734.0,70696.0,311036.0,41002.0
NORTH CAROLINA,False,2004,35544,False,False,8540468.0,38244.0,532.0,2339.0,,11782.0,23591.0,355328.0,101193.0,227147.0,26988.0
NORTH DAKOTA,False,2004,1130,False,False,636308.0,558.0,8.0,177.0,,43.0,330.0,12493.0,2040.0,9516.0,937.0
OHIO,False,2004,44150,False,False,11450143.0,38787.0,506.0,4744.0,,17429.0,16108.0,419337.0,96518.0,282168.0,40651.0
OKLAHOMA,False,2004,22621,False,False,3523546.0,17635.0,186.0,1557.0,,3090.0,12802.0,149472.0,35244.0,101271.0,12957.0
OREGON,False,2004,12652,False,False,3591363.0,10724.0,90.0,1283.0,,2751.0,6600.0,166475.0,30072.0,117868.0,18535.0
PENNSYLVANIA,False,2004,40506,False,False,12394471.0,50998.0,650.0,3535.0,,18474.0,28339.0,299611.0,54443.0,214199.0,30969.0
RHODE ISLAND,True,2004,3169,False,False,1079916.0,2673.0,26.0,320.0,,731.0,1596.0,31166.0,5465.0,21623.0,4078.0
SOUTH CAROLINA,False,2004,22650,False,False,4197892.0,33160.0,286.0,1772.0,,5468.0,25634.0,190456.0,43739.0,130991.0,15726.0
SOUTH DAKOTA,False,2004,3053,False,False,770621.0,1319.0,17.0,336.0,,112.0,854.0,14885.0,3148.0,10890.0,847.0
TENNESSEE,False,2004,19331,False,False,5893298.0,41113.0,357.0,2282.0,,8863.0,29611.0,254991.0,60386.0,169828.0,24777.0
TEXAS,False,2004,156682,False,False,22471549.0,121554.0,1364.0,8388.0,,35817.0,75985.0,1010702.0,220118.0,696507.0,94077.0
UTAH,False,2004,4720,False,False,2420708.0,5647.0,46.0,967.0,,1236.0,3398.0,97762.0,15225.0,74889.0,7648.0
VERMONT,True,2004,1968,False,False,621233.0,713.0,16.0,160.0,,78.0,459.0,14559.0,3435.0,10537.0,587.0
VIRGINIA,False,2004,31072,False,False,7481332.0,20608.0,390.0,1816.0,,6899.0,11503.0,200368.0,28759.0,154154.0,17455.0
WASHINGTON,False,2004,16503,False,False,6207046.0,21330.0,190.0,2857.0,,5866.0,12417.0,300837.0,60632.0,196972.0,43233.0
WEST VIRGINIA,False,2004,3990,False,False,1812548.0,5110.0,68.0,346.0,,774.0,3922.0,46326.0,10994.0,31566.0,3766.0
WISCONSIN,False,2004,22152,False,False,5503533.0,11548.0,154.0,1136.0,,4067.0,6191.0,146710.0,23854.0,111482.0,11374.0
WYOMING,False,2004,1765,False,False,505887.0,1163.0,11.0,112.0,,67.0,973.0,16889.0,2738.0,13352.0,799.0
FEDERAL,False,2005,186364,,,,,,,,,,,,,
ALABAMA,False,2005,24315,False,False,4548327.0,19678.0,374.0,1564.0,,6447.0,11293.0,177393.0,43473.0,120780.0,13140.0
ALASKA,True,2005,4798,False,False,663253.0,4194.0,32.0,538.0,,537.0,3087.0,23975.0,4131.0,17249.0,2595.0
ARIZONA,False,2005,33345,False,False,5953007.0,30478.0,445.0,2006.0,,8579.0,19448.0,287345.0,56328.0,176112.0,54905.0
ARKANSAS,False,2005,12455,False,False,2775708.0,14670.0,189.0,1202.0,,2532.0,10747.0,112914.0,30118.0,75510.0,7286.0
CALIFORNIA,False,2005,168035,False,False,36154147.0,190178.0,2503.0,9392.0,,63622.0,114661.0,1200531.0,250521.0,692467.0,257543.0
COLORADO,False,2005,21063,False,False,4663295.0,18498.0,173.0,2026.0,,3948.0,12351.0,188449.0,34746.0,127602.0,26101.0
CONNECTICUT,True,2005,17928,False,False,3500701.0,9542.0,105.0,712.0,,3933.0,4792.0,90270.0,15245.0,64416.0,10609.0
DELAWARE,True,2005,6788,False,False,841741.0,5332.0,37.0,377.0,,1306.0,3612.0,26245.0,5811.0,18085.0,2349.0
FLORIDA,False,2005,86559,False,False,17768191.0,125957.0,883.0,6592.0,,30141.0,88341.0,712998.0,164783.0,472912.0,75303.0
GEORGIA,False,2005,48749,False,False,9132553.0,40725.0,564.0,2143.0,,14041.0,23977.0,378534.0,84463.0,249594.0,44477.0
HAWAII,True,2005,5739,False,False,1273278.0,3253.0,24.0,343.0,,1001.0,1885.0,61115.0,9792.0,42188.0,9135.0
IDAHO,False,2005,6249,False,False,1429367.0,3670.0,35.0,577.0,,266.0,2792.0,38556.0,8066.0,27606.0,2884.0
ILLINOIS,False,2005,44919,False,True,12765427.0,70496.0,770.0,4313.0,,23255.0,42158.0,394670.0,77635.0,277662.0,39373.0
INDIANA,False,2005,22760,False,False,6266019.0,20302.0,356.0,1856.0,,6809.0,11281.0,216778.0,43756.0,151278.0,21744.0
IOWA,False,2005,8737,False,False,2965524.0,8697.0,40.0,847.0,,1153.0,6657.0,84370.0,18147.0,60723.0,5500.0
KANSAS,False,2005,9090,False,False,2748172.0,10701.0,101.0,1098.0,,1795.0,7707.0,104588.0,19028.0,76222.0,9338.0
KENTUCKY,False,2005,14904,False,False,4172608.0,11134.0,190.0,1421.0,,3690.0,5833.0,105608.0,26458.0,70354.0,8796.0
LOUISIANA,False,2005,19371,False,False,4507331.0,26889.0,450.0,1421.0,,5337.0,19681.0,166611.0,39382.0,112840.0,14389.0
MAINE,False,2005,1970,False,False,1318220.0,1483.0,19.0,326.0,,323.0,815.0,31889.0,6323.0,24218.0,1348.0
MARYLAND,False,2005,22553,False,False,5589599.0,39369.0,552.0,1266.0,,14378.0,23173.0,198483.0,35922.0,128491.0,34070.0
MASSACHUSETTS,False,2005,10348,False,False,6433367.0,29644.0,178.0,1751.0,,7837.0,19878.0,151727.0,34728.0,98079.0,18920.0
MICHIGAN,False,2005,49493,False,False,10100833.0,55936.0,629.0,5199.0,,13348.0,36760.0,312892.0,70527.0,194090.0,48275.0
MINNESOTA,False,2005,8718,False,False,5126739.0,15243.0,115.0,2258.0,,4724.0,8146.0,158301.0,29716.0,114304.0,14281.0
MISSISSIPPI,False,2005,16089,False,False,2908496.0,8131.0,214.0,1147.0,,2405.0,4365.0,95231.0,26866.0,60873.0,7492.0
MISSOURI,False,2005,30415,False,False,5797703.0,30477.0,402.0,1625.0,,7196.0,21254.0,227809.0,42822.0,159288.0,25699.0
MONTANA,False,2005,2822,False,False,934737.0,2634.0,18.0,301.0,,177.0,2138.0,29407.0,3642.0,23794.0,1971.0
NEBRASKA,False,2005,4405,False,False,1758163.0,5052.0,44.0,581.0,,1040.0,3387.0,60348.0,9408.0,45359.0,5581.0
NEVADA,False,2005,11662,False,False,2412301.0,14654.0,206.0,1016.0,,4702.0,8730.0,102424.0,23481.0,52012.0,26931.0
NEW HAMPSHIRE,False,2005,2423,False,False,1306819.0,1761.0,19.0,406.0,,365.0,971.0,24031.0,4192.0,18493.0,1346.0
NEW JERSEY,False,2005,25619,False,False,8703150.0,30919.0,417.0,1208.0,,13215.0,16079.0,203391.0,38980.0,136728.0,27683.0
NEW MEXICO,False,2005,6571,False,False,1925985.0,12448.0,144.0,1041.0,,1893.0,9370.0,79575.0,20939.0,50707.0,7929.0
NEW YORK,False,2005,63032,False,False,19315721.0,85839.0,874.0,3636.0,,35179.0,46150.0,405990.0,68034.0,302220.0,35736.0
NORTH CAROLINA,False,2005,36646,False,False,8672459.0,40650.0,585.0,2302.0,,12635.0,25128.0,353855.0,104298.0,221091.0,28466.0
NORTH DAKOTA,False,2005,1318,False,False,634605.0,706.0,12.0,180.0,,54.0,460.0,12848.0,2043.0,9732.0,1073.0
OHIO,False,2005,45189,False,False,11470685.0,40162.0,590.0,4671.0,,18673.0,16228.0,420705.0,100183.0,279051.0,41471.0
OKLAHOMA,False,2005,22907,False,False,3543442.0,18044.0,187.0,1481.0,,3230.0,13146.0,143406.0,35692.0,93814.0,13900.0
OREGON,False,2005,12887,False,False,3638871.0,10444.0,80.0,1266.0,,2478.0,6620.0,160199.0,27621.0,113316.0,19262.0
PENNSYLVANIA,False,2005,41941,False,False,12405348.0,52761.0,756.0,3586.0,,19214.0,29205.0,300444.0,56134.0,214916.0,29394.0
RHODE ISLAND,True,2005,3414,False,False,1073579.0,2710.0,34.0,323.0,,776.0,1577.0,29287.0,5319.0,19567.0,4401.0
SOUTH CAROLINA,False,2005,22456,False,False,4246933.0,32590.0,314.0,1862.0,,5657.0,24757.0,185606.0,42741.0,126489.0,16376.0
SOUTH DAKOTA,False,2005,3346,False,False,774883.0,1387.0,18.0,377.0,,145.0,847.0,13694.0,2505.0,10350.0,839.0
TENNESSEE,False,2005,19270,False,False,5955745.0,45104.0,431.0,2194.0,,10009.0,32470.0,256093.0,61508.0,169357.0,25228.0
TEXAS,False,2005,157081,False,False,22928508.0,121091.0,1407.0,8511.0,,35790.0,75383.0,990293.0,219828.0,677042.0,93423.0
UTAH,False,2005,5058,False,False,2490334.0,5612.0,56.0,920.0,,1095.0,3541.0,95546.0,14971.0,72082.0,8493.0
VERMONT,True,2005,2078,False,False,622387.0,782.0,8.0,153.0,,76.0,545.0,14749.0,3185.0,10894.0,670.0
VIRGINIA,False,2005,30722,False,False,7564327.0,21434.0,458.0,1763.0,,7495.0,11718.0,200404.0,29829.0,154584.0,15991.0
WASHINGTON,False,2005,16781,False,False,6291899.0,21745.0,205.0,2811.0,,5788.0,12941.0,307661.0,60343.0,198031.0,49287.0
WEST VIRGINIA,False,2005,4036,False,False,1814083.0,4968.0,82.0,335.0,,816.0,3735.0,47757.0,11334.0,32603.0,3820.0
WISCONSIN,False,2005,21921,False,False,5527644.0,13367.0,206.0,1135.0,,4555.0,7471.0,147556.0,24448.0,110531.0,12577.0
WYOMING,False,2005,2096,False,False,508798.0,1172.0,14.0,122.0,,78.0,958.0,16070.0,2426.0,12905.0,739.0
FEDERAL,False,2006,190844,,,,,,,,,,,,,
ALABAMA,False,2006,24103,False,False,4599030.0,19553.0,382.0,1646.0,,7062.0,10463.0,181249.0,44780.0,121451.0,15018.0
ALASKA,True,2006,5052,False,False,670053.0,4610.0,36.0,512.0,,600.0,3462.0,23975.0,4155.0,17284.0,2536.0
ARIZONA,False,2006,35752,False,False,6166318.0,33456.0,533.0,2449.0,,9491.0,20983.0,294389.0,59418.0,178321.0,56650.0
ARKANSAS,False,2006,12854,False,False,2810872.0,15538.0,205.0,1325.0,,2749.0,11259.0,112025.0,31864.0,72646.0,7515.0
CALIFORNIA,False,2006,172298,False,False,36457549.0,194483.0,2486.0,9235.0,,71142.0,111620.0,1159988.0,247230.0,669103.0,243655.0
COLORADO,False,2006,22051,False,False,4753377.0,18794.0,171.0,2158.0,,3824.0,12641.0,163439.0,32411.0,110372.0,20656.0
CONNECTICUT,True,2006,18902,False,False,3504809.0,10505.0,137.0,696.0,,4460.0,5212.0,90638.0,15583.0,64765.0,10290.0
DELAWARE,True,2006,7021,False,False,853476.0,5983.0,42.0,417.0,,1791.0,3733.0,29670.0,6337.0,20449.0,2884.0
FLORIDA,False,2006,90377,False,False,18089888.0,129602.0,1129.0,6475.0,,34147.0,87851.0,721101.0,170873.0,473774.0,76454.0
GEORGIA,False,2006,52792,False,False,9363941.0,44754.0,605.0,2169.0,,15511.0,26469.0,362712.0,85140.0,234445.0,43127.0
HAWAII,True,2006,5510,False,False,1285498.0,3608.0,21.0,353.0,,1144.0,2090.0,54247.0,8724.0,37784.0,7739.0
IDAHO,False,2006,6665,False,False,1466465.0,3666.0,35.0,611.0,,294.0,2726.0,35135.0,7545.0,25154.0,2436.0
ILLINOIS,False,2006,45106,False,True,12831970.0,69498.0,780.0,4078.0,,23782.0,40858.0,387478.0,77259.0,272578.0,37641.0
INDIANA,False,2006,24901,False,False,6313520.0,20303.0,361.0,1811.0,,7175.0,10956.0,217783.0,45538.0,150655.0,21590.0
IOWA,False,2006,8838,False,False,2982085.0,8521.0,55.0,871.0,,1309.0,6286.0,84202.0,18160.0,60998.0,5044.0
KANSAS,False,2006,8833,False,False,2764075.0,11960.0,125.0,1279.0,,1878.0,8678.0,104260.0,20086.0,75450.0,8724.0
KENTUCKY,False,2006,15589,False,False,4206074.0,11361.0,173.0,1312.0,,3850.0,6026.0,109428.0,27867.0,72197.0,9364.0
LOUISIANA,False,2006,20815,False,False,4287768.0,30923.0,555.0,1587.0,,5928.0,22853.0,174975.0,46703.0,112605.0,15667.0
MAINE,False,2006,2083,False,False,1321574.0,1533.0,23.0,341.0,,383.0,786.0,33658.0,6846.0,25465.0,1347.0
MARYLAND,False,2006,22662,False,False,5615727.0,38111.0,546.0,1178.0,,14376.0,22011.0,195484.0,37459.0,127502.0,30523.0
MASSACHUSETTS,False,2006,10773,False,False,6437193.0,32217.0,188.0,1771.0,,8080.0,22178.0,153943.0,35243.0,100725.0,17975.0
MICHIGAN,False,2006,51515,False,False,10095643.0,56981.0,721.0,5347.0,,14229.0,36684.0,325594.0,76313.0,199183.0,50098.0
MINNESOTA,False,2006,8814,False,False,5167101.0,16042.0,126.0,1645.0,,5441.0,8830.0,159276.0,30306.0,115693.0,13277.0
MISSISSIPPI,False,2006,16384,False,False,2910540.0,9076.0,231.0,1039.0,,3259.0,4547.0,92853.0,27117.0,57406.0,8330.0
MISSOURI,False,2006,30116,False,False,5842713.0,31897.0,369.0,1764.0,,7597.0,22167.0,224007.0,44734.0,153874.0,25399.0
MONTANA,False,2006,2948,False,False,944632.0,3564.0,33.0,348.0,,233.0,2950.0,26986.0,3380.0,21659.0,1947.0
NEBRASKA,False,2006,4399,False,False,1768331.0,5197.0,51.0,577.0,,1136.0,3433.0,59411.0,9535.0,44710.0,5166.0
NEVADA,False,2006,12754,False,False,2495529.0,18687.0,226.0,1092.0,,7038.0,10331.0,102338.0,24902.0,50429.0,27007.0
NEW HAMPSHIRE,False,2006,2676,False,False,1314895.0,1785.0,13.0,295.0,,435.0,1042.0,26060.0,4395.0,20179.0,1486.0
NEW JERSEY,False,2006,25554,False,False,8724560.0,30550.0,427.0,1201.0,,13360.0,15562.0,198820.0,39384.0,134687.0,24749.0
NEW MEXICO,False,2006,6639,False,False,1954599.0,12797.0,134.0,1073.0,,2095.0,9495.0,76000.0,20906.0,45864.0,9230.0
NEW YORK,False,2006,63538,False,False,19306183.0,84016.0,922.0,3168.0,,34459.0,45467.0,398577.0,68617.0,297827.0,32133.0
NORTH CAROLINA,False,2006,37725,False,False,8856505.0,42088.0,539.0,2495.0,,13468.0,25586.0,364549.0,107333.0,227114.0,30102.0
NORTH DAKOTA,False,2006,1337,False,False,635867.0,1255.0,14.0,241.0,,75.0,925.0,13359.0,2601.0,9672.0,1086.0
OHIO,False,2006,48482,False,False,11478006.0,41491.0,560.0,4770.0,,19418.0,16743.0,423334.0,105639.0,279718.0,37977.0
OKLAHOMA,False,2006,22873,False,False,3579212.0,17905.0,210.0,1488.0,,3145.0,13062.0,129728.0,34437.0,81853.0,13438.0
OREGON,False,2006,13191,False,False,3700758.0,10534.0,88.0,1219.0,,2711.0,6516.0,137858.0,24324.0,98897.0,14637.0
PENNSYLVANIA,False,2006,43971,False,False,12440621.0,55028.0,741.0,3611.0,,21095.0,29581.0,304589.0,57739.0,217142.0,29708.0
RHODE ISLAND,True,2006,3713,False,False,1067610.0,2460.0,27.0,289.0,,740.0,1404.0,27914.0,5453.0,18852.0,3609.0
SOUTH CAROLINA,False,2006,22930,False,False,4321249.0,33322.0,362.0,1834.0,,5902.0,25224.0,184712.0,42952.0,125075.0,16685.0
SOUTH DAKOTA,False,2006,3316,False,False,781919.0,2071.0,30.0,465.0,,158.0,1418.0,13812.0,3024.0,9954.0,834.0
TENNESSEE,False,2006,19312,False,False,6038803.0,46043.0,419.0,2194.0,,11143.0,32287.0,249860.0,63024.0,164183.0,22653.0
TEXAS,False,2006,158510,False,False,23507783.0,121602.0,1386.0,8429.0,,37256.0,74531.0,959846.0,215710.0,648711.0,95425.0
UTAH,False,2006,5031,False,False,2550063.0,5771.0,51.0,891.0,,1242.0,3587.0,89572.0,14721.0,66480.0,8371.0
VERMONT,True,2006,2215,False,False,623908.0,905.0,14.0,173.0,,114.0,604.0,14920.0,3443.0,10857.0,620.0
VIRGINIA,False,2006,30823,False,False,7642884.0,21683.0,403.0,1829.0,,7779.0,11672.0,190257.0,32166.0,143292.0,14799.0
WASHINGTON,False,2006,16827,False,False,6395798.0,22303.0,197.0,2748.0,,6424.0,12934.0,288456.0,58843.0,183179.0,46434.0
WEST VIRGINIA,False,2006,4367,False,False,1818470.0,5113.0,80.0,404.0,,853.0,3776.0,47941.0,11579.0,32305.0,4057.0
WISCONSIN,False,2006,22564,False,False,5556506.0,15899.0,165.0,1233.0,,5564.0,8937.0,156748.0,27038.0,115682.0,14028.0
WYOMING,False,2006,2035,False,False,515004.0,1307.0,13.0,151.0,,72.0,1071.0,15381.0,2322.0,12255.0,804.0
FEDERAL,False,2007,197285,,,,,,,,,,,,,
ALABAMA,False,2007,25253,False,False,4627851.0,20775.0,412.0,1548.0,,7398.0,11417.0,184082.0,45379.0,124465.0,14238.0
ALASKA,True,2007,5151,False,False,683478.0,4520.0,43.0,545.0,,581.0,3351.0,23096.0,3734.0,16929.0,2433.0
ARIZONA,False,2007,37700,False,False,6338755.0,32835.0,548.0,2353.0,,9764.0,20170.0,287308.0,59988.0,177076.0,50244.0
ARKANSAS,False,2007,13275,False,False,2834797.0,15226.0,198.0,1294.0,,3105.0,10629.0,112130.0,32035.0,73096.0,6999.0
CALIFORNIA,False,2007,171444,False,False,36553215.0,191561.0,2262.0,9046.0,,70706.0,109547.0,1112510.0,237850.0,654526.0,220134.0
COLORADO,False,2007,22666,False,False,4861515.0,17101.0,155.0,2075.0,,3461.0,11410.0,145808.0,28633.0,100519.0,16656.0
CONNECTICUT,True,2007,19438,False,False,3502309.0,10547.0,113.0,690.0,,4303.0,5441.0,86528.0,15640.0,60937.0,9951.0
DELAWARE,True,2007,7110,False,False,864764.0,6100.0,39.0,341.0,,1763.0,3957.0,29216.0,6420.0,20454.0,2342.0
FLORIDA,False,2007,95187,False,False,18251243.0,131878.0,1202.0,6149.0,,38155.0,86372.0,746249.0,181836.0,490783.0,73630.0
GEORGIA,False,2007,54256,False,False,9544750.0,46917.0,720.0,2198.0,,17291.0,26708.0,371248.0,90294.0,238436.0,42518.0
HAWAII,True,2007,5457,False,False,1283388.0,3544.0,24.0,377.0,,1122.0,2021.0,52866.0,9089.0,37494.0,6283.0
IDAHO,False,2007,7055,False,False,1499402.0,3841.0,49.0,607.0,,243.0,2942.0,34124.0,7131.0,24727.0,2266.0
ILLINOIS,False,2007,45215,False,True,12852548.0,68528.0,752.0,4103.0,,23100.0,40573.0,377322.0,75524.0,267911.0,33887.0
INDIANA,False,2007,25137,False,False,6345289.0,21310.0,350.0,1738.0,,7845.0,11377.0,213887.0,46485.0,147999.0,19403.0
IOWA,False,2007,8692,False,False,2988046.0,8970.0,39.0,970.0,,1328.0,6633.0,79133.0,17176.0,57018.0,4939.0
KANSAS,False,2007,8721,False,False,2775997.0,12730.0,106.0,1287.0,,2022.0,9315.0,102961.0,20461.0,73900.0,8600.0
KENTUCKY,False,2007,15364,False,False,4241474.0,12329.0,206.0,1365.0,,4068.0,6690.0,107987.0,27820.0,71489.0,8678.0
LOUISIANA,False,2007,20461,False,False,4293204.0,31789.0,625.0,1427.0,,6316.0,23421.0,180516.0,46932.0,118291.0,15293.0
MAINE,False,2007,2148,False,False,1317207.0,1565.0,20.0,392.0,,349.0,804.0,32249.0,6745.0,24228.0,1276.0
MARYLAND,False,2007,23184,False,False,5618344.0,36063.0,554.0,1179.0,,13258.0,21072.0,192796.0,37095.0,127308.0,28393.0
MASSACHUSETTS,False,2007,11071,False,False,6449755.0,28487.0,187.0,1643.0,,7021.0,19636.0,154743.0,35767.0,103925.0,15051.0
MICHIGAN,False,2007,50233,False,False,10071822.0,53765.0,661.0,4592.0,,13365.0,35147.0,308550.0,75273.0,191289.0,41988.0
MINNESOTA,False,2007,9192,False,False,5197621.0,15054.0,116.0,1873.0,,4770.0,8295.0,158257.0,29717.0,115892.0,12648.0
MISSISSIPPI,False,2007,17478,False,False,2918785.0,8502.0,202.0,1033.0,,2896.0,4371.0,90887.0,27223.0,56473.0,7191.0
MISSOURI,False,2007,29823,False,False,5878415.0,32962.0,367.0,1785.0,,7728.0,23082.0,225113.0,44897.0,156319.0,23897.0
MONTANA,False,2007,2909,False,False,957861.0,3638.0,27.0,363.0,,233.0,3015.0,27837.0,3476.0,22315.0,2046.0
NEBRASKA,False,2007,4402,False,False,1774571.0,5524.0,71.0,550.0,,1115.0,3788.0,55765.0,9035.0,41484.0,5246.0
NEVADA,False,2007,13311,False,False,2565382.0,19365.0,193.0,1096.0,,6938.0,11138.0,97118.0,24911.0,49844.0,22363.0
NEW HAMPSHIRE,False,2007,2759,False,False,1315828.0,1896.0,12.0,357.0,,451.0,1076.0,26394.0,5074.0,19909.0,1411.0
NEW JERSEY,False,2007,25354,False,False,8685920.0,28544.0,381.0,1032.0,,12567.0,14564.0,192338.0,37234.0,133145.0,21959.0
NEW MEXICO,False,2007,6429,False,False,1969915.0,13311.0,183.0,1028.0,,2323.0,9777.0,75168.0,20823.0,45442.0,8903.0
NEW YORK,False,2007,62738,False,False,19297729.0,79962.0,805.0,2928.0,,31085.0,45144.0,383624.0,64914.0,290681.0,28029.0
NORTH CAROLINA,False,2007,38240,False,False,9061032.0,42231.0,584.0,2386.0,,13534.0,25727.0,369893.0,108700.0,233241.0,27952.0
NORTH DAKOTA,False,2007,1392,False,False,639715.0,1343.0,17.0,252.0,,75.0,999.0,12796.0,2314.0,9500.0,982.0
OHIO,False,2007,49894,False,False,11466917.0,40759.0,529.0,4661.0,,18351.0,17218.0,397681.0,99049.0,264677.0,33955.0
OKLAHOMA,False,2007,23778,False,False,3617316.0,18234.0,224.0,1565.0,,3392.0,13053.0,128714.0,34367.0,80747.0,13600.0
OREGON,False,2007,13373,False,False,3747455.0,11015.0,76.0,1276.0,,2864.0,6799.0,132773.0,22979.0,95157.0,14637.0
PENNSYLVANIA,False,2007,45530,False,False,12432792.0,51806.0,725.0,3443.0,,19440.0,28198.0,293850.0,56091.0,211248.0,26511.0
RHODE ISLAND,True,2007,3745,False,False,1057832.0,2424.0,19.0,258.0,,760.0,1387.0,27576.0,5206.0,19175.0,3195.0
SOUTH CAROLINA,False,2007,23578,False,False,4407709.0,34630.0,364.0,1773.0,,6354.0,26139.0,189304.0,45398.0,126802.0,17104.0
SOUTH DAKOTA,False,2007,3276,False,False,796214.0,1926.0,31.0,433.0,,118.0,1344.0,13829.0,2647.0,10398.0,784.0
TENNESSEE,False,2007,19268,False,False,6156719.0,46482.0,405.0,2201.0,,11033.0,32843.0,252342.0,61817.0,168807.0,21718.0
TEXAS,False,2007,158576,False,False,23904380.0,122014.0,1419.0,8460.0,,38778.0,73357.0,985421.0,228320.0,663101.0,94000.0
UTAH,False,2007,5165,False,False,2645330.0,6347.0,59.0,935.0,,1425.0,3928.0,93082.0,15594.0,68573.0,8915.0
VERMONT,True,2007,2116,False,False,621254.0,802.0,13.0,128.0,,79.0,582.0,14702.0,3200.0,10853.0,649.0
VIRGINIA,False,2007,32977,False,False,7712091.0,21035.0,415.0,1793.0,,7696.0,11131.0,191763.0,32028.0,145634.0,14101.0
WASHINGTON,False,2007,16911,False,False,6468424.0,21768.0,174.0,2653.0,,6079.0,12862.0,261776.0,52874.0,170782.0,38120.0
WEST VIRGINIA,False,2007,4907,False,False,1812035.0,5016.0,65.0,388.0,,847.0,3716.0,45620.0,10822.0,31321.0,3477.0
WISCONSIN,False,2007,22839,False,False,5601640.0,16330.0,185.0,1227.0,,5480.0,9438.0,159305.0,27890.0,117957.0,13458.0
WYOMING,False,2007,1927,False,False,522830.0,1344.0,21.0,172.0,,84.0,1067.0,15053.0,2365.0,11875.0,813.0
FEDERAL,False,2008,198414,,,,,,,,,,,,,
ALABAMA,False,2008,25363,False,False,4661900.0,21110.0,351.0,1618.0,,7346.0,11795.0,190416.0,50411.0,126539.0,13466.0
ALASKA,True,2008,4997,False,False,686293.0,4475.0,27.0,447.0,,645.0,3356.0,20090.0,3237.0,15225.0,1628.0
ARIZONA,False,2008,39455,False,False,6500180.0,31567.0,462.0,2200.0,,9809.0,19096.0,266653.0,58606.0,169460.0,38587.0
ARKANSAS,False,2008,13135,False,False,2855390.0,14649.0,165.0,1463.0,,2777.0,10244.0,110360.0,33912.0,69905.0,6543.0
CALIFORNIA,False,2008,171085,False,False,36756666.0,185329.0,2142.0,8903.0,,69388.0,104896.0,1080996.0,237811.0,650656.0,192529.0
COLORADO,False,2008,23211,False,False,4939456.0,17480.0,165.0,2151.0,,3404.0,11760.0,139340.0,28054.0,97937.0,13349.0
CONNECTICUT,True,2008,19905,False,False,3501252.0,10737.0,132.0,680.0,,4043.0,5882.0,87210.0,15107.0,63212.0,8891.0
DELAWARE,True,2008,6944,False,False,873092.0,6187.0,57.0,371.0,,1847.0,3912.0,31385.0,6783.0,22045.0,2557.0
FLORIDA,False,2008,99878,False,False,18328340.0,126256.0,1168.0,5972.0,,36268.0,82848.0,758889.0,188472.0,506902.0,63515.0
GEORGIA,False,2008,52719,False,False,9685744.0,47353.0,640.0,2334.0,,17808.0,26571.0,387917.0,100564.0,247709.0,39644.0
HAWAII,True,2008,5455,False,False,1288198.0,3510.0,26.0,363.0,,1085.0,2036.0,45944.0,9404.0,31424.0,5116.0
IDAHO,False,2008,7033,False,False,1523816.0,3680.0,23.0,579.0,,239.0,2839.0,31940.0,6748.0,23532.0,1660.0
ILLINOIS,False,2008,45474,False,True,12901563.0,67780.0,790.0,4118.0,,24054.0,38818.0,378355.0,78968.0,266815.0,32572.0
INDIANA,False,2008,26392,False,False,6376792.0,21525.0,322.0,1711.0,,7580.0,11912.0,213639.0,48805.0,147334.0,17500.0
IOWA,False,2008,8723,False,False,3002555.0,8651.0,77.0,937.0,,1249.0,6388.0,73273.0,16598.0,52299.0,4376.0
KANSAS,False,2008,8556,False,False,2802134.0,11554.0,113.0,1226.0,,1681.0,8534.0,94882.0,19651.0,67826.0,7405.0
KENTUCKY,False,2008,15260,False,False,4269245.0,12690.0,201.0,1457.0,,4080.0,6952.0,114492.0,29556.0,77279.0,7657.0
LOUISIANA,False,2008,20857,False,False,4410796.0,29613.0,544.0,1250.0,,6241.0,21578.0,171179.0,45524.0,112091.0,13564.0
MAINE,False,2008,2047,False,False,1316456.0,1572.0,31.0,379.0,,333.0,829.0,32433.0,6559.0,24695.0,1179.0
MARYLAND,False,2008,23141,False,False,5633597.0,35393.0,493.0,1127.0,,13203.0,20570.0,198165.0,38849.0,133983.0,25333.0
MASSACHUSETTS,False,2008,11174,False,False,6497967.0,30137.0,166.0,1751.0,,7077.0,21143.0,155919.0,36251.0,106913.0,12755.0
MICHIGAN,False,2008,48738,False,False,10003422.0,51512.0,554.0,4507.0,,13246.0,33205.0,295100.0,74787.0,184558.0,35755.0
MINNESOTA,False,2008,9031,False,False,5220393.0,13853.0,110.0,1805.0,,4179.0,7759.0,149517.0,26558.0,112764.0,10195.0
MISSISSIPPI,False,2008,17896,False,False,2938618.0,8942.0,236.0,958.0,,3079.0,4669.0,85488.0,25506.0,53730.0,6252.0
MISSOURI,False,2008,30137,False,False,5911605.0,29701.0,456.0,1612.0,,7395.0,20238.0,216522.0,45763.0,150002.0,20757.0
MONTANA,False,2008,2910,False,False,967440.0,3013.0,40.0,358.0,,204.0,2411.0,26300.0,3689.0,20834.0,1777.0
NEBRASKA,False,2008,4470,False,False,1783432.0,5570.0,69.0,601.0,,1297.0,3603.0,51350.0,8731.0,38394.0,4225.0
NEVADA,False,2008,12877,False,False,2600167.0,18973.0,165.0,1106.0,,6486.0,11216.0,90006.0,24254.0,49814.0,15938.0
NEW HAMPSHIRE,False,2008,2854,False,False,1315809.0,2054.0,14.0,385.0,,421.0,1234.0,28387.0,4266.0,22714.0,1407.0
NEW JERSEY,False,2008,24835,False,False,8682661.0,28351.0,376.0,1122.0,,12701.0,14152.0,199127.0,40402.0,138545.0,20180.0
NEW MEXICO,False,2008,6321,False,False,1984356.0,12967.0,161.0,1118.0,,2151.0,9537.0,75718.0,20706.0,46995.0,8017.0
NEW YORK,False,2008,60198,False,False,19490297.0,77546.0,836.0,2798.0,,31787.0,42125.0,388599.0,65544.0,297962.0,25093.0
NORTH CAROLINA,False,2008,39957,False,False,9222414.0,43125.0,599.0,2296.0,,14323.0,25907.0,372763.0,111556.0,234480.0,26727.0
NORTH DAKOTA,False,2008,1379,False,False,641481.0,1441.0,11.0,331.0,,73.0,1026.0,13029.0,2336.0,9782.0,911.0
OHIO,False,2008,50884,False,False,11485910.0,40436.0,547.0,4531.0,,18706.0,16652.0,391667.0,102428.0,260788.0,28451.0
OKLAHOMA,False,2008,23676,False,False,3642361.0,19359.0,215.0,1471.0,,3698.0,13975.0,126535.0,35247.0,80265.0,11023.0
OREGON,False,2008,13541,False,False,3790060.0,9909.0,87.0,1183.0,,2656.0,5983.0,125169.0,21115.0,92677.0,11377.0
PENNSYLVANIA,False,2008,48736,False,False,12448279.0,51044.0,705.0,3485.0,,18873.0,27981.0,300294.0,58687.0,219115.0,22492.0
RHODE ISLAND,True,2008,3739,False,False,1050788.0,2656.0,31.0,282.0,,880.0,1463.0,29895.0,5766.0,20926.0,3203.0
SOUTH CAROLINA,False,2008,23685,False,False,4479800.0,32746.0,307.0,1686.0,,6595.0,24158.0,189950.0,45964.0,126316.0,17670.0
SOUTH DAKOTA,False,2008,3352,False,False,804194.0,2227.0,37.0,562.0,,134.0,1494.0,13867.0,2683.0,10266.0,918.0
TENNESSEE,False,2008,19379,False,False,6214888.0,44913.0,412.0,2078.0,,10804.0,31619.0,251089.0,65093.0,166793.0,19203.0
TEXAS,False,2008,159237,False,False,24326974.0,123585.0,1370.0,8055.0,,37739.0,76421.0,969865.0,230046.0,654435.0,85384.0
UTAH,False,2008,5132,False,False,2736424.0,6165.0,41.0,915.0,,1421.0,3788.0,92373.0,14766.0,70299.0,7308.0
VERMONT,True,2008,2116,False,False,621270.0,854.0,17.0,133.0,,93.0,611.0,15903.0,3515.0,11802.0,586.0
VIRGINIA,False,2008,32585,False,False,7769089.0,20031.0,370.0,1794.0,,7470.0,10397.0,196726.0,32188.0,151191.0,13347.0
WASHINGTON,False,2008,17188,False,False,6549224.0,21888.0,193.0,2653.0,,6419.0,12623.0,249283.0,53136.0,167013.0,29134.0
WEST VIRGINIA,False,2008,4896,False,False,1814468.0,5006.0,67.0,389.0,,896.0,3654.0,45971.0,10840.0,31967.0,3164.0
WISCONSIN,False,2008,22282,False,False,5627967.0,15507.0,146.0,1128.0,,5163.0,9070.0,155456.0,27459.0,116456.0,11541.0
WYOMING,False,2008,1704,False,False,532668.0,1330.0,12.0,185.0,,87.0,1046.0,14515.0,2198.0,11584.0,733.0
FEDERAL,False,2009,205087,,,,,,,,,,,,,
ALABAMA,False,2009,27241,False,False,4708708.0,21194.0,322.0,1504.0,,6265.0,13103.0,178007.0,48844.0,118072.0,11091.0
ALASKA,True,2009,5472,False,False,698473.0,4424.0,22.0,513.0,,654.0,3235.0,20538.0,3600.0,15251.0,1687.0
ARIZONA,False,2009,40544,False,False,6595778.0,28128.0,380.0,2279.0,,8199.0,17270.0,236721.0,54308.0,155976.0,26437.0
ARKANSAS,False,2009,13338,False,False,2889450.0,14905.0,179.0,1378.0,,2576.0,10772.0,109078.0,34753.0,68228.0,6097.0
CALIFORNIA,False,2009,168830,False,False,36961664.0,174934.0,1972.0,8713.0,,64093.0,100156.0,1009433.0,230198.0,615402.0,163833.0
COLORADO,False,2009,22725,False,False,5024748.0,17022.0,159.0,2269.0,,3371.0,11223.0,134196.0,26637.0,95079.0,12480.0
CONNECTICUT,True,2009,18938,False,False,3518288.0,10588.0,106.0,657.0,,4001.0,5824.0,82625.0,15172.0,59992.0,7461.0
DELAWARE,True,2009,6581,False,False,885122.0,5713.0,41.0,395.0,,1680.0,3597.0,29685.0,6943.0,20836.0,1906.0
FLORIDA,False,2009,101373,False,False,18537969.0,113541.0,1017.0,5501.0,,30911.0,76112.0,712010.0,181884.0,479867.0,50259.0
GEORGIA,False,2009,53538,False,False,9829211.0,42073.0,566.0,2323.0,,14631.0,24553.0,360985.0,98606.0,229216.0,33163.0
HAWAII,True,2009,4848,False,False,1295178.0,3550.0,23.0,385.0,,1030.0,2112.0,47516.0,9244.0,33415.0,4857.0
IDAHO,False,2009,7184,False,False,1545801.0,3805.0,24.0,575.0,,254.0,2952.0,31220.0,6682.0,23066.0,1472.0
ILLINOIS,False,2009,45161,False,True,12910409.0,64185.0,773.0,3901.0,,22923.0,36588.0,353347.0,77850.0,248821.0,26676.0
INDIANA,False,2009,26748,False,False,6423113.0,21455.0,312.0,1621.0,,7347.0,12175.0,199907.0,48880.0,137190.0,13837.0
IOWA,False,2009,8914,False,False,3007856.0,8485.0,38.0,890.0,,1201.0,6356.0,70080.0,16419.0,49757.0,3904.0
KANSAS,False,2009,8644,False,False,2818747.0,11460.0,125.0,1179.0,,1786.0,8370.0,90930.0,19473.0,65499.0,5958.0
KENTUCKY,False,2009,14984,False,False,4314113.0,11000.0,184.0,1531.0,,3642.0,5643.0,108914.0,29880.0,72938.0,6096.0
LOUISIANA,False,2009,19889,False,False,4492076.0,28878.0,529.0,1351.0,,6150.0,20848.0,172619.0,46928.0,114102.0,11589.0
MAINE,False,2009,2074,False,False,1318301.0,1580.0,26.0,375.0,,399.0,780.0,31706.0,6729.0,23955.0,1022.0
MARYLAND,False,2009,22066,False,False,5699478.0,33625.0,440.0,1156.0,,12007.0,20022.0,182295.0,36905.0,125771.0,19619.0
MASSACHUSETTS,False,2009,11156,False,False,6593587.0,30503.0,173.0,1734.0,,7467.0,21129.0,153178.0,34515.0,106799.0,11864.0
MICHIGAN,False,2009,45478,False,False,9969727.0,49825.0,623.0,4524.0,,12427.0,32251.0,284019.0,76046.0,178628.0,29345.0
MINNESOTA,False,2009,9500,False,False,5266214.0,12874.0,74.0,1789.0,,3619.0,7392.0,139286.0,25580.0,105160.0,8546.0
MISSISSIPPI,False,2009,17212,False,False,2951996.0,8451.0,194.0,991.0,,2969.0,4297.0,87327.0,29559.0,52329.0,5439.0
MISSOURI,False,2009,30519,False,False,5987580.0,29513.0,387.0,1606.0,,7437.0,20083.0,201783.0,43591.0,140764.0,17428.0
MONTANA,False,2009,3085,False,False,974989.0,2798.0,32.0,357.0,,228.0,2181.0,24826.0,3686.0,19528.0,1612.0
NEBRASKA,False,2009,4490,False,False,1796619.0,5199.0,41.0,617.0,,1220.0,3321.0,49731.0,8726.0,37496.0,3509.0
NEVADA,False,2009,12570,False,False,2643085.0,18639.0,156.0,1024.0,,6028.0,11431.0,80976.0,22115.0,46463.0,12398.0
NEW HAMPSHIRE,False,2009,2915,False,False,1324575.0,2125.0,11.0,399.0,,454.0,1261.0,28790.0,4915.0,22748.0,1127.0
NEW JERSEY,False,2009,24115,False,False,8707739.0,27113.0,319.0,1041.0,,11639.0,14114.0,180752.0,36945.0,128303.0,15504.0
NEW MEXICO,False,2009,6584,False,False,2009671.0,12709.0,198.0,1069.0,,1932.0,9510.0,74639.0,21955.0,46182.0,6502.0
NEW YORK,False,2009,58479,False,False,19541453.0,75110.0,781.0,2582.0,,28141.0,43606.0,377537.0,62769.0,292897.0,21871.0
NORTH CAROLINA,False,2009,40133,False,False,9380884.0,37946.0,489.0,2306.0,,11825.0,23326.0,343707.0,107830.0,215923.0,19954.0
NORTH DAKOTA,False,2009,1436,False,False,646844.0,1723.0,12.0,296.0,,107.0,1308.0,12813.0,2426.0,9474.0,913.0
OHIO,False,2009,50783,False,False,11542645.0,38305.0,527.0,4119.0,,17670.0,15989.0,376446.0,104009.0,249777.0,22660.0
OKLAHOMA,False,2009,24053,False,False,3687050.0,18560.0,234.0,1535.0,,3358.0,13433.0,132350.0,38071.0,83813.0,10466.0
OREGON,False,2009,13735,False,False,3825657.0,9968.0,88.0,1202.0,,2499.0,6179.0,114780.0,19739.0,85064.0,9977.0
PENNSYLVANIA,False,2009,50485,False,False,12604767.0,48188.0,664.0,3626.0,,17504.0,26394.0,277182.0,54772.0,204588.0,17822.0
RHODE ISLAND,True,2009,3413,False,False,1053209.0,2678.0,32.0,296.0,,785.0,1565.0,27558.0,5753.0,19403.0,2402.0
SOUTH CAROLINA,False,2009,23685,False,False,4561242.0,30799.0,305.0,1663.0,,5753.0,23078.0,178310.0,45443.0,119250.0,13617.0
SOUTH DAKOTA,False,2009,3390,False,False,812383.0,1777.0,30.0,501.0,,117.0,1129.0,14378.0,2621.0,10891.0,866.0
TENNESSEE,False,2009,19932,False,False,6296254.0,41933.0,468.0,2019.0,,9653.0,29793.0,237157.0,63832.0,158309.0,15016.0
TEXAS,False,2009,158542,False,False,24782302.0,121684.0,1330.0,8311.0,,38022.0,74021.0,995082.0,240058.0,678455.0,76569.0
UTAH,False,2009,5244,False,False,2784572.0,5998.0,39.0,941.0,,1304.0,3714.0,91751.0,15258.0,69556.0,6937.0
VERMONT,True,2009,2220,False,False,621760.0,837.0,8.0,132.0,,111.0,586.0,15010.0,3471.0,11090.0,449.0
VIRGINIA,False,2009,30995,False,False,7882590.0,18195.0,370.0,1572.0,,6342.0,9911.0,194020.0,31956.0,150374.0,11690.0
WASHINGTON,False,2009,17255,False,False,6664195.0,22412.0,190.0,2583.0,,6711.0,12928.0,245215.0,53047.0,168421.0,23747.0
WEST VIRGINIA,False,2009,5062,False,False,1819777.0,5554.0,84.0,470.0,,914.0,4086.0,46215.0,12005.0,31453.0,2757.0
WISCONSIN,False,2009,22262,False,False,5654774.0,14650.0,146.0,1118.0,,4904.0,8482.0,147692.0,26813.0,111947.0,8932.0
WYOMING,False,2009,1743,False,False,544270.0,1196.0,11.0,172.0,,78.0,935.0,14243.0,2176.0,11310.0,757.0
FEDERAL,False,2010,206968,,,,,,,,,,,,,
ALABAMA,False,2010,27345,False,False,4785401.0,18363.0,275.0,1355.0,,4864.0,11869.0,168828.0,42484.0,115564.0,10780.0
ALASKA,True,2010,5369,False,False,714146.0,4537.0,31.0,533.0,,594.0,3379.0,20259.0,3105.0,15535.0,1619.0
ARIZONA,False,2010,40130,False,False,6413158.0,26528.0,408.0,2191.0,,6953.0,16976.0,226802.0,50932.0,154137.0,21733.0
ARKANSAS,False,2010,14192,False,False,2921588.0,14711.0,134.0,1321.0,,2369.0,10887.0,103820.0,32463.0,65796.0,5561.0
CALIFORNIA,False,2010,162821,False,False,37338198.0,164133.0,1809.0,8331.0,,58116.0,95877.0,981939.0,228857.0,600558.0,152524.0
COLORADO,False,2010,22752,False,False,5047692.0,16339.0,129.0,2230.0,,3164.0,10816.0,135001.0,26196.0,97534.0,11271.0
CONNECTICUT,True,2010,18629,False,False,3575498.0,10083.0,133.0,595.0,,3553.0,5802.0,78259.0,15145.0,56413.0,6701.0
DELAWARE,True,2010,6378,False,False,899792.0,5608.0,51.0,326.0,,1839.0,3392.0,31078.0,7550.0,21593.0,1935.0
FLORIDA,False,2010,102070,False,False,18838613.0,101969.0,987.0,5373.0,,26086.0,69523.0,669035.0,169119.0,458454.0,41462.0
GEORGIA,False,2010,52794,False,False,9712157.0,39068.0,555.0,2107.0,,12372.0,24034.0,353449.0,96947.0,226161.0,30341.0
HAWAII,True,2010,5294,False,False,1363359.0,3603.0,25.0,377.0,,1065.0,2136.0,45667.0,8706.0,31681.0,5280.0
IDAHO,False,2010,7235,False,False,1571102.0,3464.0,22.0,533.0,,213.0,2696.0,31436.0,6513.0,23594.0,1329.0
ILLINOIS,False,2010,48418,False,True,12841980.0,57132.0,704.0,3066.0,,20386.0,32976.0,349064.0,77472.0,242681.0,28911.0
INDIANA,False,2010,27273,False,False,6490622.0,20983.0,268.0,1760.0,,6559.0,12396.0,199274.0,48570.0,137204.0,13500.0
IOWA,False,2010,9457,False,False,3050202.0,8191.0,38.0,883.0,,1012.0,6258.0,68740.0,16746.0,48194.0,3800.0
KANSAS,False,2010,9055,False,False,2859143.0,10602.0,97.0,1146.0,,1538.0,7821.0,89109.0,19315.0,63774.0,6020.0
KENTUCKY,False,2010,14501,False,False,4347223.0,10604.0,188.0,1438.0,,3748.0,5230.0,111170.0,30443.0,74488.0,6239.0
LOUISIANA,False,2010,19008,False,False,4545343.0,25241.0,500.0,1230.0,,5297.0,18214.0,165667.0,45437.0,110260.0,9970.0
MAINE,False,2010,1954,False,False,1327379.0,1621.0,24.0,389.0,,412.0,796.0,32900.0,7364.0,24547.0,989.0
MARYLAND,False,2010,22856,False,False,5785681.0,31607.0,426.0,1228.0,,11054.0,18899.0,173309.0,36704.0,118578.0,18027.0
MASSACHUSETTS,False,2010,11162,False,False,6555466.0,30737.0,214.0,1784.0,,6897.0,21842.0,154496.0,37903.0,105124.0,11469.0
MICHIGAN,False,2010,44113,False,False,9877143.0,48693.0,580.0,4733.0,,11522.0,31858.0,271501.0,74345.0,169748.0,27408.0
MINNESOTA,False,2010,9397,False,False,5310658.0,12515.0,96.0,1798.0,,3388.0,7233.0,136431.0,24415.0,103429.0,8587.0
MISSISSIPPI,False,2010,16454,False,False,2970072.0,7999.0,204.0,931.0,,2777.0,4087.0,88596.0,30453.0,52784.0,5359.0
MISSOURI,False,2010,30577,False,False,5995715.0,27440.0,420.0,1445.0,,6185.0,19390.0,200858.0,44197.0,140526.0,16135.0
MONTANA,False,2010,3137,False,False,990958.0,2733.0,25.0,332.0,,154.0,2222.0,25409.0,3692.0,20166.0,1551.0
NEBRASKA,False,2010,4608,False,False,1830141.0,5093.0,54.0,674.0,,1020.0,3345.0,48827.0,8318.0,36896.0,3613.0
NEVADA,False,2010,12192,False,False,2704283.0,17929.0,158.0,965.0,,5298.0,11508.0,75004.0,22286.0,42533.0,10185.0
NEW HAMPSHIRE,False,2010,2617,False,False,1316807.0,2204.0,13.0,411.0,,450.0,1330.0,29230.0,5444.0,22789.0,997.0
NEW JERSEY,False,2010,24488,False,False,8799593.0,27055.0,371.0,981.0,,11818.0,13885.0,183042.0,38732.0,128754.0,15556.0
NEW MEXICO,False,2010,6659,False,False,2065913.0,12147.0,140.0,959.0,,1616.0,9432.0,70776.0,21023.0,44503.0,5250.0
NEW YORK,False,2010,56420,False,False,19395206.0,76492.0,868.0,2797.0,,28630.0,44197.0,379710.0,65839.0,293232.0,20639.0
NORTH CAROLINA,False,2010,40375,False,False,9560234.0,34679.0,474.0,2002.0,,9620.0,22583.0,329202.0,102826.0,208057.0,18319.0
NORTH DAKOTA,False,2010,1416,False,False,674629.0,1548.0,10.0,245.0,,90.0,1203.0,12010.0,2000.0,9137.0,873.0
OHIO,False,2010,51709,False,False,11537968.0,36306.0,479.0,3730.0,,16486.0,15611.0,376836.0,107125.0,248581.0,21130.0
OKLAHOMA,False,2010,24147,False,False,3760184.0,18100.0,195.0,1469.0,,3345.0,13091.0,129464.0,37848.0,81303.0,10313.0
OREGON,False,2010,13859,False,False,3838332.0,9648.0,96.0,1239.0,,2421.0,5892.0,116657.0,20035.0,87494.0,9128.0
PENNSYLVANIA,False,2010,48087,False,False,12717722.0,46612.0,653.0,3472.0,,16375.0,26112.0,276366.0,55206.0,204440.0,16720.0
RHODE ISLAND,True,2010,3159,False,False,1052528.0,2709.0,29.0,298.0,,782.0,1600.0,26959.0,6124.0,18432.0,2403.0
SOUTH CAROLINA,False,2010,23009,False,False,4637106.0,27923.0,265.0,1551.0,,5017.0,21090.0,181098.0,46261.0,121544.0,13293.0
SOUTH DAKOTA,False,2010,3393,False,False,816598.0,2196.0,23.0,385.0,,154.0,1634.0,15188.0,3192.0,11196.0,800.0
TENNESSEE,False,2010,20037,False,False,6357436.0,38909.0,359.0,2173.0,,8361.0,28016.0,232855.0,64293.0,153729.0,14833.0
TEXAS,False,2010,160242,False,False,25253466.0,113231.0,1249.0,7622.0,,32843.0,71517.0,951246.0,228597.0,654626.0,68023.0
UTAH,False,2010,5442,False,False,2775479.0,5925.0,53.0,983.0,,1269.0,3620.0,88316.0,15095.0,67242.0,5979.0
VERMONT,True,2010,2079,False,False,625909.0,820.0,7.0,141.0,,76.0,596.0,14160.0,3348.0,10373.0,439.0
VIRGINIA,False,2010,31911,False,False,8023953.0,17184.0,376.0,1580.0,,5678.0,9550.0,187403.0,30804.0,145990.0,10609.0
WASHINGTON,False,2010,17028,False,False,6742950.0,21138.0,154.0,2579.0,,5929.0,12476.0,249426.0,55192.0,168490.0,25744.0
WEST VIRGINIA,False,2010,5072,False,False,1854368.0,5586.0,58.0,362.0,,776.0,4390.0,41301.0,10778.0,28104.0,2419.0
WISCONSIN,False,2010,22033,False,False,5691659.0,14167.0,155.0,1191.0,,4516.0,8305.0,142781.0,26636.0,107993.0,8152.0
WYOMING,False,2010,2092,False,False,564554.0,1117.0,8.0,162.0,,77.0,870.0,13869.0,2151.0,11126.0,592.0
FEDERAL,False,2011,214774,,,,,,,,,,,,,
ALABAMA,False,2011,26813,True,False,4803689.0,20166.0,299.0,1370.0,,4906.0,13591.0,173192.0,51119.0,111411.0,10662.0
ALASKA,True,2011,6216,False,False,723860.0,4416.0,30.0,436.0,,576.0,3374.0,19094.0,2852.0,14854.0,1388.0
ARIZONA,False,2011,39949,False,False,6467315.0,26789.0,397.0,2499.0,,7145.0,16748.0,229896.0,54695.0,155400.0,19801.0
ARKANSAS,False,2011,14090,False,False,2938582.0,14173.0,160.0,1230.0,,2357.0,10426.0,110430.0,34016.0,70645.0,5769.0
CALIFORNIA,False,2011,147578,False,False,37683933.0,154943.0,1792.0,7665.0,,54291.0,91195.0,973822.0,230075.0,596905.0,146842.0
COLORADO,False,2011,21862,False,False,5116302.0,16085.0,155.0,2285.0,,3299.0,10346.0,132781.0,25725.0,96054.0,11002.0
CONNECTICUT,True,2011,17877,False,False,3586717.0,9889.0,129.0,689.0,,3689.0,5382.0,77205.0,15468.0,55067.0,6670.0
DELAWARE,True,2011,6546,False,False,908137.0,5144.0,48.0,307.0,,1558.0,3231.0,31163.0,7617.0,22001.0,1545.0
FLORIDA,False,2011,100861,False,False,19082262.0,98198.0,984.0,5273.0,,25622.0,66319.0,671200.0,170171.0,461408.0,39621.0
GEORGIA,False,2011,52844,False,False,9812460.0,36762.0,549.0,2066.0,,12266.0,21881.0,357235.0,96014.0,231543.0,29678.0
HAWAII,True,2011,5454,False,False,1378129.0,3465.0,20.0,353.0,,994.0,2098.0,43874.0,8165.0,31240.0,4469.0
IDAHO,False,2011,7470,False,False,1583744.0,3202.0,35.0,444.0,,188.0,2535.0,32875.0,6915.0,24629.0,1331.0
ILLINOIS,False,2011,48427,False,True,12859752.0,54523.0,781.0,3030.0,,20217.0,30495.0,344468.0,77719.0,237362.0,29387.0
INDIANA,False,2011,27402,False,False,6516353.0,21619.0,306.0,1758.0,,6977.0,12578.0,206016.0,50571.0,140630.0,14815.0
IOWA,False,2011,9115,False,False,3064097.0,7883.0,44.0,866.0,,824.0,6149.0,72043.0,17573.0,50472.0,3998.0
KANSAS,False,2011,9330,False,False,2870386.0,10209.0,111.0,1122.0,,1448.0,7528.0,88655.0,18712.0,63259.0,6684.0
KENTUCKY,False,2011,14001,False,False,4366814.0,10465.0,151.0,1499.0,,3705.0,5110.0,119037.0,32750.0,79586.0,6701.0
LOUISIANA,False,2011,18844,False,False,4574766.0,25373.0,506.0,1262.0,,5235.0,18370.0,168529.0,46242.0,113174.0,9113.0
MAINE,False,2011,1978,False,False,1328544.0,1638.0,26.0,394.0,,370.0,848.0,33829.0,7865.0,24886.0,1078.0
MARYLAND,False,2011,23001,False,False,5839572.0,28817.0,399.0,1200.0,,10342.0,16876.0,166846.0,35823.0,114951.0,16072.0
MASSACHUSETTS,False,2011,11467,False,False,6607003.0,28232.0,184.0,1654.0,,6768.0,19626.0,148829.0,36403.0,101644.0,10782.0
MICHIGAN,False,2011,42904,False,False,9876801.0,43731.0,617.0,4344.0,,10263.0,28507.0,251329.0,69755.0,156666.0,24908.0
MINNESOTA,False,2011,9309,False,False,5347299.0,12323.0,75.0,2113.0,,3385.0,6750.0,136183.0,25681.0,102354.0,8148.0
MISSISSIPPI,False,2011,15390,False,False,2977457.0,8009.0,232.0,863.0,,2496.0,4418.0,89809.0,30722.0,54179.0,4908.0
MISSOURI,False,2011,30969,False,False,6008984.0,26888.0,366.0,1469.0,,6275.0,18778.0,199085.0,44875.0,138879.0,15331.0
MONTANA,False,2011,3125,True,False,997667.0,2755.0,29.0,366.0,,171.0,2189.0,23885.0,3347.0,19089.0,1449.0
NEBRASKA,False,2011,4657,False,False,1842234.0,4672.0,68.0,699.0,,993.0,2912.0,50894.0,8725.0,38060.0,4109.0
NEVADA,False,2011,12159,False,False,2720028.0,15452.0,139.0,913.0,,4308.0,10092.0,70075.0,20342.0,40156.0,9577.0
NEW HAMPSHIRE,False,2011,2423,False,False,1317807.0,2864.0,16.0,581.0,,509.0,1758.0,32756.0,6244.0,25398.0,1114.0
NEW JERSEY,False,2011,23642,False,False,8834773.0,27203.0,380.0,1006.0,,12209.0,13608.0,189719.0,43238.0,129066.0,17415.0
NEW MEXICO,False,2011,6687,False,False,2078674.0,11904.0,158.0,856.0,,1720.0,9170.0,73549.0,21419.0,46730.0,5400.0
NEW YORK,False,2011,55196,False,False,19501616.0,77463.0,769.0,2751.0,,28405.0,45538.0,371837.0,65227.0,287361.0,19249.0
NORTH CAROLINA,False,2011,39662,False,False,9651103.0,33421.0,498.0,1959.0,,9448.0,21516.0,337806.0,105534.0,215453.0,16819.0
NORTH DAKOTA,False,2011,1385,False,False,684740.0,1699.0,24.0,266.0,,91.0,1318.0,13334.0,2458.0,9891.0,985.0
OHIO,False,2011,50961,False,False,11541007.0,35218.0,500.0,3679.0,,15991.0,15048.0,380572.0,112901.0,246744.0,20927.0
OKLAHOMA,False,2011,23750,False,False,3784163.0,17311.0,212.0,1410.0,,3288.0,12401.0,127618.0,36462.0,80064.0,11092.0
OREGON,False,2011,13728,False,False,3868229.0,9643.0,84.0,1239.0,,2237.0,6083.0,121869.0,20704.0,92059.0,9106.0
PENNSYLVANIA,False,2011,49710,False,False,12743948.0,46189.0,639.0,3339.0,,16165.0,26046.0,283442.0,57966.0,208604.0,16872.0
RHODE ISLAND,True,2011,3032,False,False,1050646.0,2586.0,20.0,319.0,,744.0,1503.0,27976.0,6836.0,18765.0,2375.0
SOUTH CAROLINA,False,2011,22363,False,False,4673348.0,27894.0,320.0,1678.0,,4631.0,21265.0,183243.0,47351.0,122255.0,13637.0
SOUTH DAKOTA,False,2011,3562,False,False,823593.0,2105.0,20.0,503.0,,167.0,1415.0,15299.0,2927.0,11423.0,949.0
TENNESSEE,False,2011,19831,False,False,6399787.0,38895.0,380.0,2095.0,,8082.0,28338.0,230900.0,62830.0,153928.0,14142.0
TEXAS,False,2011,159956,False,False,25631778.0,104734.0,1130.0,7486.0,,28620.0,67498.0,892810.0,215755.0,613131.0,63924.0
UTAH,False,2011,5294,False,False,2814347.0,5547.0,50.0,901.0,,1079.0,3517.0,84084.0,13170.0,64727.0,6187.0
VERMONT,True,2011,2053,False,False,626592.0,925.0,11.0,146.0,,99.0,669.0,15086.0,3838.0,10720.0,528.0
VIRGINIA,False,2011,30531,False,False,8104384.0,16014.0,304.0,1591.0,,5425.0,8694.0,182902.0,30656.0,142476.0,9770.0
WASHINGTON,False,2011,17109,False,False,6823267.0,20152.0,163.0,2320.0,,5627.0,12042.0,244209.0,56561.0,162828.0,24820.0
WEST VIRGINIA,False,2011,5149,False,False,1854908.0,5497.0,87.0,372.0,,802.0,4236.0,39009.0,10245.0,26656.0,2108.0
WISCONSIN,False,2011,22388,False,False,5709843.0,14268.0,138.0,1190.0,,4600.0,8340.0,139912.0,27167.0,104472.0,8273.0
WYOMING,False,2011,2162,False,False,567356.0,1245.0,18.0,146.0,,71.0,1010.0,12878.0,1864.0,10493.0,521.0
FEDERAL,False,2012,216915,,,,,,,,,,,,,
ALABAMA,False,2012,26768,False,False,4817528.0,21693.0,342.0,1296.0,,5020.0,15035.0,168878.0,47481.0,111523.0,9874.0
ALASKA,True,2012,6308,False,False,730307.0,4412.0,30.0,583.0,,630.0,3169.0,20037.0,2950.0,15565.0,1522.0
ARIZONA,False,2012,40013,False,False,6551149.0,28077.0,358.0,2282.0,,7383.0,18054.0,231701.0,52911.0,159808.0,18982.0
ARKANSAS,False,2012,14043,False,False,2949828.0,13851.0,174.0,1233.0,,2310.0,10134.0,109389.0,32673.0,70982.0,5734.0
CALIFORNIA,False,2012,132935,False,False,37999878.0,160944.0,1884.0,7837.0,,56521.0,94702.0,1049465.0,245767.0,635090.0,168608.0
COLORADO,False,2012,20328,False,False,5189458.0,15951.0,152.0,2122.0,,3392.0,10285.0,139355.0,26163.0,101091.0,12101.0
CONNECTICUT,True,2012,17164,False,False,3591765.0,10183.0,117.0,933.0,,3709.0,5424.0,77169.0,14787.0,55904.0,6478.0
DELAWARE,True,2012,6730,False,False,917053.0,5048.0,56.0,249.0,,1498.0,3245.0,30707.0,7389.0,21880.0,1438.0
FLORIDA,False,2012,99835,False,False,19320749.0,94087.0,1009.0,5260.0,,23889.0,63929.0,632988.0,153563.0,442095.0,37330.0
GEORGIA,False,2012,55178,False,False,9915646.0,37675.0,583.0,2143.0,,12502.0,22447.0,339473.0,86992.0,223875.0,28606.0
HAWAII,True,2012,5297,False,False,1390090.0,3378.0,21.0,279.0,,1125.0,1953.0,43419.0,7653.0,31901.0,3865.0
IDAHO,False,2012,7715,False,False,1595590.0,3348.0,30.0,495.0,,243.0,2580.0,31825.0,7240.0,23203.0,1382.0
ILLINOIS,False,2012,49348,False,True,12868192.0,53556.0,770.0,3581.0,,19480.0,29725.0,332706.0,71100.0,235314.0,26292.0
INDIANA,False,2012,28034,False,False,6537782.0,22544.0,307.0,1661.0,,6601.0,13975.0,197994.0,47689.0,136668.0,13637.0
IOWA,False,2012,8735,False,False,3075039.0,8167.0,49.0,901.0,,962.0,6255.0,70357.0,17201.0,49116.0,4040.0
KANSAS,False,2012,9505,False,False,2885398.0,10292.0,85.0,1105.0,,1493.0,7609.0,91066.0,18874.0,65413.0,6779.0
KENTUCKY,False,2012,12998,False,False,4379730.0,9852.0,201.0,1312.0,,3547.0,4792.0,112800.0,29877.0,76199.0,6724.0
LOUISIANA,False,2012,18601,False,False,4602134.0,22839.0,489.0,1155.0,,5458.0,15737.0,162673.0,42037.0,112764.0,7872.0
MAINE,False,2012,1977,False,False,1328501.0,1626.0,26.0,372.0,,420.0,808.0,33398.0,7476.0,24931.0,991.0
MARYLAND,False,2012,21810,False,False,5884868.0,28086.0,373.0,1237.0,,10173.0,16303.0,162309.0,33803.0,113550.0,14956.0
MASSACHUSETTS,False,2012,11127,False,False,6645303.0,27047.0,121.0,1650.0,,6555.0,18721.0,143325.0,34635.0,99453.0,9237.0
MICHIGAN,False,2012,43594,False,False,9882519.0,44962.0,701.0,4635.0,,10423.0,29203.0,249249.0,65560.0,158609.0,25080.0
MINNESOTA,False,2012,9421,False,False,5379646.0,12419.0,99.0,1638.0,,3475.0,7207.0,138152.0,25378.0,104316.0,8458.0
MISSISSIPPI,False,2012,15791,False,False,2986450.0,7769.0,213.0,819.0,,2277.0,4460.0,83933.0,28084.0,51520.0,4329.0
MISSOURI,False,2012,31205,False,False,6024522.0,27189.0,390.0,1527.0,,5782.0,19490.0,199813.0,42510.0,140971.0,16332.0
MONTANA,False,2012,3095,False,False,1005494.0,2803.0,29.0,392.0,,202.0,2180.0,26102.0,3920.0,20484.0,1698.0
NEBRASKA,False,2012,4721,False,False,1855350.0,4802.0,52.0,710.0,,1128.0,2912.0,51203.0,8745.0,38301.0,4157.0
NEVADA,False,2012,12594,False,False,2754354.0,16763.0,124.0,931.0,,4918.0,10790.0,77510.0,22120.0,45372.0,10018.0
NEW HAMPSHIRE,False,2012,2568,False,False,1321617.0,2841.0,15.0,486.0,,471.0,1869.0,32074.0,5988.0,25024.0,1062.0
NEW JERSEY,False,2012,23050,False,False,8867749.0,25727.0,388.0,1035.0,,11385.0,12919.0,181481.0,42338.0,122662.0,16481.0
NEW MEXICO,False,2012,6640,False,False,2083540.0,11660.0,116.0,957.0,,1847.0,8740.0,75094.0,21384.0,48247.0,5463.0
NEW YORK,False,2012,54058,True,False,19576125.0,79535.0,683.0,2837.0,,28633.0,47382.0,375268.0,64389.0,293562.0,17317.0
NORTH CAROLINA,False,2012,37378,False,False,9748364.0,34464.0,479.0,1984.0,,9392.0,22609.0,328594.0,99323.0,213151.0,16120.0
NORTH DAKOTA,False,2012,1413,False,False,701345.0,1723.0,25.0,279.0,,127.0,1292.0,14297.0,2429.0,10687.0,1181.0
OHIO,False,2012,50872,False,False,11553031.0,34827.0,478.0,3813.0,,15396.0,15140.0,370435.0,105312.0,245372.0,19751.0
OKLAHOMA,False,2012,24370,False,False,3815780.0,18102.0,220.0,1622.0,,3248.0,13012.0,130969.0,36094.0,83131.0,11744.0
OREGON,False,2012,14123,False,False,3899801.0,9638.0,91.0,1159.0,,2419.0,5969.0,126417.0,22051.0,94114.0,10252.0
PENNSYLVANIA,False,2012,50228,False,False,12764475.0,45384.0,707.0,3371.0,,15735.0,25571.0,276562.0,57040.0,204409.0,15113.0
RHODE ISLAND,True,2012,3042,False,False,1050304.0,2657.0,36.0,292.0,,715.0,1614.0,27039.0,5929.0,18478.0,2632.0
SOUTH CAROLINA,False,2012,21867,False,False,4723417.0,26474.0,332.0,1712.0,,4511.0,19919.0,181049.0,45222.0,122340.0,13487.0
SOUTH DAKOTA,False,2012,3596,False,False,834047.0,2701.0,23.0,600.0,,157.0,1921.0,17326.0,3280.0,12973.0,1073.0
TENNESSEE,False,2012,19817,False,False,6454914.0,41213.0,400.0,2047.0,,8151.0,30615.0,217925.0,56231.0,148731.0,12963.0
TEXAS,False,2012,155195,False,False,26060796.0,106475.0,1148.0,7715.0,,30385.0,67227.0,876459.0,205002.0,606425.0,65032.0
UTAH,False,2012,5309,False,False,2854871.0,5939.0,52.0,975.0,,1105.0,3807.0,86284.0,13095.0,67157.0,6032.0
VERMONT,True,2012,2034,False,False,625953.0,891.0,8.0,131.0,,114.0,638.0,15653.0,4179.0,11014.0,460.0
VIRGINIA,False,2012,29708,False,False,8186628.0,15676.0,322.0,1505.0,,4718.0,9131.0,178434.0,29651.0,139654.0,9129.0
WASHINGTON,False,2012,16919,False,False,6895318.0,20553.0,217.0,2250.0,,5801.0,12285.0,254377.0,61376.0,166338.0,26663.0
WEST VIRGINIA,False,2012,5335,False,False,1856680.0,5943.0,70.0,415.0,,835.0,4623.0,44500.0,11466.0,30800.0,2234.0
WISCONSIN,False,2012,22419,False,False,5724554.0,16254.0,169.0,1228.0,,4692.0,10165.0,140780.0,27931.0,104619.0,8230.0
WYOMING,False,2012,2187,False,False,576626.0,1161.0,14.0,154.0,,61.0,932.0,13222.0,2125.0,10513.0,584.0
FEDERAL,False,2013,214989,,,,,,,,,,,,,
ALABAMA,False,2013,26825,False,False,4833996.0,20834.0,346.0,1449.0,2055.0,4645.0,13788.0,161835.0,42410.0,108862.0,10563.0
ALASKA,True,2013,5081,False,False,737259.0,4709.0,34.0,657.0,925.0,623.0,3127.0,21211.0,2917.0,16599.0,1695.0
ARIZONA,False,2013,41031,False,False,6634997.0,27576.0,355.0,2344.0,3174.0,6656.0,17391.0,223294.0,48292.0,158036.0,16966.0
ARKANSAS,False,2013,14295,False,False,2958765.0,13705.0,158.0,1135.0,1490.0,2261.0,9796.0,106477.0,30369.0,70430.0,5678.0
CALIFORNIA,False,2013,134339,False,False,38431393.0,154739.0,1746.0,7464.0,10324.0,53640.0,89029.0,1018907.0,232058.0,621557.0,165292.0
COLORADO,False,2013,20184,False,False,5272086.0,16099.0,174.0,2198.0,2963.0,3136.0,9826.0,139974.0,25075.0,102375.0,12524.0
CONNECTICUT,True,2013,17319,False,False,3599341.0,9439.0,91.0,647.0,891.0,3551.0,4906.0,71274.0,12934.0,52099.0,6241.0
DELAWARE,True,2013,6798,False,False,925240.0,4633.0,41.0,278.0,399.0,1233.0,2960.0,29001.0,6299.0,21347.0,1355.0
FLORIDA,False,2013,100940,False,False,19600311.0,91993.0,972.0,4765.0,6767.0,23200.0,61054.0,607170.0,138915.0,433344.0,34911.0
GEORGIA,False,2013,53701,False,False,9994759.0,37519.0,563.0,2022.0,2891.0,12704.0,21361.0,339808.0,83459.0,229190.0,27159.0
HAWAII,True,2013,5173,False,False,1408987.0,3585.0,32.0,366.0,508.0,934.0,2111.0,45266.0,7777.0,32928.0,4561.0
IDAHO,False,2013,7219,False,False,1612843.0,3471.0,29.0,516.0,674.0,220.0,2548.0,30230.0,6693.0,21999.0,1538.0
ILLINOIS,False,2013,48653,False,True,12890552.0,51956.0,722.0,3895.0,5340.0,17733.0,28161.0,296048.0,59093.0,216059.0,20896.0
INDIANA,False,2013,28495,False,False,6570713.0,23627.0,357.0,1623.0,2241.0,7114.0,13915.0,187472.0,42754.0,130534.0,14184.0
IOWA,False,2013,8707,False,False,3092341.0,8443.0,41.0,873.0,1133.0,937.0,6332.0,67976.0,15918.0,47803.0,4255.0
KANSAS,False,2013,9610,False,False,2895801.0,9928.0,117.0,1003.0,1295.0,1339.0,7177.0,85704.0,17476.0,61557.0,6671.0
KENTUCKY,False,2013,12141,False,False,4399583.0,9280.0,172.0,951.0,1646.0,3247.0,4215.0,104448.0,26331.0,72048.0,6069.0
LOUISIANA,False,2013,18794,False,False,4629284.0,24127.0,494.0,1248.0,1763.0,5539.0,16331.0,165679.0,41214.0,115300.0,9165.0
MAINE,False,2013,2073,False,False,1328702.0,1761.0,24.0,366.0,495.0,335.0,907.0,30454.0,6480.0,23063.0,911.0
MARYLAND,False,2013,21705,False,False,5938737.0,28235.0,384.0,1179.0,1679.0,10048.0,16124.0,157918.0,31950.0,112551.0,13417.0
MASSACHUSETTS,False,2013,10622,False,False,6708874.0,27264.0,138.0,1722.0,2303.0,6705.0,18118.0,137274.0,30716.0,97437.0,9121.0
MICHIGAN,False,2013,43704,False,False,9898193.0,44757.0,625.0,4506.0,6785.0,10093.0,27254.0,230135.0,56256.0,149794.0,24085.0
MINNESOTA,False,2013,9391,False,False,5422060.0,12710.0,114.0,1453.0,2014.0,3674.0,6908.0,131193.0,22713.0,100514.0,7966.0
MISSISSIPPI,False,2013,15591,False,False,2992206.0,8303.0,217.0,726.0,1024.0,2413.0,4649.0,81548.0,24969.0,52192.0,4387.0
MISSOURI,False,2013,31499,False,False,6044917.0,26216.0,369.0,1679.0,2305.0,5486.0,18056.0,189655.0,38797.0,134514.0,16344.0
MONTANA,False,2013,3125,False,False,1014864.0,2924.0,23.0,382.0,467.0,217.0,2217.0,26195.0,4122.0,20192.0,1881.0
NEBRASKA,False,2013,5012,False,False,1868969.0,4949.0,56.0,621.0,847.0,1035.0,3011.0,49197.0,8945.0,35791.0,4461.0
NEVADA,False,2013,12789,False,False,2791494.0,16888.0,163.0,1090.0,1482.0,5183.0,10060.0,79177.0,23047.0,46132.0,9998.0
NEW HAMPSHIRE,False,2013,2623,False,False,1322616.0,2952.0,21.0,522.0,778.0,647.0,1506.0,29278.0,4979.0,23355.0,944.0
NEW JERSEY,False,2013,22263,False,False,8911502.0,25748.0,404.0,861.0,1189.0,12084.0,12071.0,167634.0,35883.0,118005.0,13746.0
NEW MEXICO,False,2013,6767,False,False,2086895.0,12990.0,123.0,1135.0,1565.0,1832.0,9470.0,78958.0,21828.0,51146.0,5984.0
NEW YORK,False,2013,53312,False,False,19695680.0,77563.0,644.0,2575.0,3548.0,27241.0,46130.0,358603.0,56444.0,286676.0,15483.0
NORTH CAROLINA,False,2013,37176,False,False,9848917.0,33587.0,463.0,1790.0,2524.0,9275.0,21325.0,305631.0,90182.0,201043.0,14406.0
NORTH DAKOTA,False,2013,1576,False,False,723857.0,1979.0,16.0,288.0,355.0,161.0,1447.0,15356.0,2979.0,10942.0,1435.0
OHIO,False,2013,51711,False,False,11572005.0,33722.0,478.0,3594.0,4391.0,14483.0,14370.0,338414.0,91090.0,227799.0,19525.0
OKLAHOMA,False,2013,25364,False,False,3853118.0,17187.0,198.0,1715.0,2314.0,3023.0,11652.0,126418.0,33512.0,81624.0,11282.0
OREGON,False,2013,14605,False,False,3928068.0,9536.0,82.0,1000.0,1464.0,2394.0,5596.0,125083.0,20808.0,94363.0,9912.0
PENNSYLVANIA,False,2013,49971,False,False,12781296.0,42825.0,611.0,2728.0,3795.0,14739.0,23680.0,263176.0,52000.0,197410.0,13766.0
RHODE ISLAND,True,2013,3168,False,False,1053354.0,2710.0,31.0,333.0,449.0,683.0,1547.0,25741.0,5621.0,17881.0,2239.0
SOUTH CAROLINA,False,2013,21534,False,False,4771929.0,24263.0,305.0,1739.0,2233.0,3965.0,17760.0,173261.0,40930.0,119730.0,12601.0
SOUTH DAKOTA,False,2013,3612,False,False,845510.0,2733.0,18.0,454.0,507.0,156.0,2052.0,16274.0,3383.0,11955.0,936.0
TENNESSEE,False,2013,20758,False,False,6497269.0,38063.0,335.0,1904.0,2500.0,7333.0,27895.0,207683.0,51334.0,144443.0,11906.0
TEXAS,False,2013,155377,False,False,26505637.0,108757.0,1140.0,7610.0,10456.0,31810.0,65351.0,862289.0,191062.0,605440.0,65787.0
UTAH,False,2013,5382,False,False,2902787.0,6644.0,51.0,926.0,1522.0,1247.0,3824.0,88334.0,13727.0,67115.0,7492.0
VERMONT,True,2013,2078,False,False,626855.0,775.0,10.0,113.0,136.0,75.0,554.0,13882.0,3352.0,10193.0,337.0
VIRGINIA,False,2013,29985,False,False,8270345.0,16355.0,320.0,1476.0,2350.0,4574.0,9111.0,171558.0,26717.0,136215.0,8626.0
WASHINGTON,False,2013,17760,False,False,6973742.0,20223.0,167.0,2072.0,2604.0,5829.0,11623.0,259139.0,58487.0,172227.0,28425.0
WEST VIRGINIA,False,2013,5708,False,False,1853595.0,5657.0,62.0,367.0,700.0,653.0,4242.0,39929.0,9908.0,28055.0,1966.0
WISCONSIN,False,2013,22443,False,False,5742953.0,16118.0,163.0,1308.0,1836.0,4834.0,9285.0,125694.0,24358.0,93946.0,7390.0
WYOMING,False,2013,2288,False,False,583223.0,1212.0,17.0,144.0,204.0,74.0,917.0,12809.0,1956.0,10275.0,578.0
FEDERAL,False,2014,209561,,,,,,,,,,,,,
ALABAMA,False,2014,26145,False,False,4849377.0,20727.0,276.0,1436.0,2005.0,4701.0,13745.0,154094.0,39715.0,104238.0,10141.0
ALASKA,True,2014,6323,False,False,736732.0,4684.0,41.0,555.0,771.0,629.0,3243.0,20334.0,3150.0,15445.0,1739.0
ARIZONA,False,2014,42136,False,False,6731484.0,26916.0,319.0,2464.0,3378.0,6249.0,16970.0,215240.0,43562.0,154091.0,17587.0
ARKANSAS,False,2014,15250,False,False,2966369.0,14243.0,165.0,1182.0,1763.0,2050.0,10265.0,99018.0,24790.0,68627.0,5601.0
CALIFORNIA,False,2014,134430,False,False,38802500.0,153709.0,1699.0,8398.0,11527.0,48680.0,91803.0,947192.0,202670.0,592670.0,151852.0
COLORADO,False,2014,20469,False,False,5355866.0,16554.0,151.0,2121.0,3039.0,3039.0,10325.0,135510.0,23472.0,99464.0,12574.0
CONNECTICUT,True,2014,16814,False,False,3596677.0,8522.0,86.0,571.0,782.0,3159.0,4495.0,69070.0,11955.0,51005.0,6110.0
DELAWARE,True,2014,6730,False,False,935614.0,4576.0,54.0,249.0,386.0,1269.0,2867.0,27900.0,5768.0,20865.0,1267.0
FLORIDA,False,2014,100873,False,False,19893297.0,107521.0,1149.0,6051.0,8563.0,24914.0,72895.0,679446.0,143220.0,493647.0,42579.0
GEORGIA,False,2014,52719,False,False,10097343.0,38097.0,580.0,2159.0,3048.0,12417.0,22052.0,331316.0,76428.0,228034.0,26854.0
HAWAII,True,2014,5390,False,False,1419561.0,3680.0,26.0,314.0,445.0,1107.0,2102.0,43297.0,7778.0,31640.0,3879.0
IDAHO,False,2014,7497,False,False,1634464.0,3468.0,32.0,468.0,609.0,204.0,2623.0,30316.0,6428.0,22227.0,1661.0
ILLINOIS,False,2014,48278,False,True,12880580.0,47663.0,685.0,3081.0,4159.0,15299.0,27520.0,267385.0,50008.0,199926.0,17451.0
INDIANA,False,2014,32493,False,False,6596855.0,24099.0,330.0,1615.0,2186.0,6897.0,14686.0,174776.0,36893.0,124022.0,13861.0
IOWA,False,2014,8845,False,False,3107126.0,8497.0,60.0,828.0,1128.0,1045.0,6264.0,65056.0,14428.0,46477.0,4151.0
KANSAS,False,2014,9539,False,False,2904021.0,10123.0,91.0,1075.0,1411.0,1362.0,7259.0,79431.0,15828.0,56697.0,6906.0
KENTUCKY,False,2014,12114,False,False,4413457.0,9340.0,160.0,883.0,1440.0,3336.0,4404.0,99166.0,23244.0,69604.0,6318.0
LOUISIANA,False,2014,18710,False,False,4649676.0,23934.0,477.0,992.0,1375.0,5695.0,16387.0,160824.0,38337.0,112596.0,9891.0
MAINE,False,2014,2199,False,False,1330089.0,1700.0,21.0,360.0,485.0,304.0,890.0,26421.0,5030.0,20592.0,799.0
MARYLAND,False,2014,21266,False,False,5976407.0,26661.0,365.0,1144.0,1619.0,9544.0,15133.0,149859.0,28012.0,108745.0,13102.0
MASSACHUSETTS,False,2014,10447,False,False,6745408.0,26399.0,132.0,1629.0,2180.0,6036.0,18051.0,125267.0,24964.0,92043.0,8260.0
MICHIGAN,False,2014,43359,False,False,9909877.0,42348.0,535.0,4049.0,6273.0,8021.0,27519.0,202547.0,44184.0,137206.0,21157.0
MINNESOTA,False,2014,9576,False,False,5457173.0,12505.0,88.0,1452.0,2001.0,3687.0,6729.0,125377.0,20773.0,96237.0,8367.0
MISSISSIPPI,False,2014,13069,False,False,2994079.0,8338.0,258.0,764.0,1058.0,2430.0,4592.0,87462.0,24352.0,58591.0,4519.0
MISSOURI,False,2014,31903,False,False,6063589.0,26856.0,403.0,1706.0,2379.0,5592.0,18482.0,176237.0,35258.0,124622.0,16357.0
MONTANA,False,2014,3119,False,False,1023579.0,3313.0,37.0,430.0,541.0,203.0,2532.0,25312.0,3595.0,19674.0,2043.0
NEBRASKA,False,2014,5228,False,False,1881503.0,5275.0,54.0,620.0,862.0,1043.0,3316.0,47479.0,7950.0,35074.0,4455.0
NEVADA,False,2014,12693,False,False,2839099.0,18045.0,170.0,995.0,1357.0,5954.0,10564.0,74538.0,21927.0,42426.0,10185.0
NEW HAMPSHIRE,False,2014,2723,False,False,1326813.0,2602.0,12.0,458.0,594.0,537.0,1459.0,26041.0,4162.0,21022.0,857.0
NEW JERSEY,False,2014,21394,False,False,8938175.0,23346.0,349.0,953.0,1274.0,10498.0,11225.0,154993.0,31710.0,111578.0,11705.0
NEW MEXICO,False,2014,6948,False,False,2085572.0,12459.0,101.0,1071.0,1475.0,2086.0,8797.0,73877.0,18505.0,49082.0,6290.0
NEW YORK,False,2014,52362,False,False,19746227.0,75398.0,617.0,3918.0,5433.0,24045.0,45303.0,339282.0,50781.0,272765.0,15736.0
NORTH CAROLINA,False,2014,37348,False,False,9943964.0,32767.0,510.0,1740.0,2420.0,8416.0,21421.0,285697.0,79373.0,192694.0,13630.0
NORTH DAKOTA,False,2014,1696,False,False,739482.0,1960.0,22.0,276.0,358.0,173.0,1407.0,15605.0,2707.0,11384.0,1514.0
OHIO,False,2014,51521,False,False,11594163.0,33030.0,464.0,4097.0,5042.0,12753.0,14771.0,324528.0,78845.0,227668.0,18015.0
OKLAHOMA,False,2014,26493,False,False,3878051.0,15744.0,175.0,1277.0,1777.0,3048.0,10744.0,115982.0,29508.0,75891.0,10583.0
OREGON,False,2014,14492,False,False,3970239.0,9224.0,81.0,1052.0,1458.0,2093.0,5592.0,114305.0,17230.0,87526.0,9549.0
PENNSYLVANIA,False,2014,49174,False,False,12787209.0,40164.0,614.0,2787.0,3827.0,13534.0,22189.0,247016.0,45720.0,188256.0,13040.0
RHODE ISLAND,True,2014,3133,False,False,1055173.0,2313.0,25.0,253.0,361.0,529.0,1398.0,22935.0,4823.0,16279.0,1833.0
SOUTH CAROLINA,False,2014,20948,False,False,4832482.0,24052.0,311.0,1480.0,2068.0,3997.0,17676.0,167217.0,36721.0,117594.0,12902.0
SOUTH DAKOTA,False,2014,3507,False,False,853175.0,2786.0,20.0,413.0,470.0,200.0,2096.0,15902.0,2818.0,12077.0,1007.0
TENNESSEE,False,2014,20815,False,False,6549352.0,39848.0,371.0,1861.0,2531.0,7265.0,29681.0,200447.0,46642.0,141206.0,12599.0
TEXAS,False,2014,154247,False,False,26956958.0,109414.0,1184.0,8236.0,11393.0,31181.0,65656.0,813934.0,169234.0,576154.0,68546.0
UTAH,False,2014,5307,False,False,2942902.0,6346.0,67.0,945.0,1454.0,1312.0,3513.0,84711.0,11518.0,65895.0,7298.0
VERMONT,True,2014,1979,False,False,626562.0,622.0,10.0,99.0,110.0,70.0,432.0,9551.0,2034.0,7273.0,244.0
VIRGINIA,False,2014,30050,False,False,8326289.0,16340.0,338.0,1432.0,2310.0,4292.0,9400.0,160720.0,23122.0,129933.0,7665.0
WASHINGTON,False,2014,17180,False,False,7061530.0,20136.0,174.0,2171.0,2695.0,5640.0,11627.0,261706.0,55290.0,175769.0,30647.0
WEST VIRGINIA,False,2014,5867,False,False,1850326.0,5588.0,74.0,285.0,505.0,651.0,4358.0,37648.0,8973.0,26779.0,1896.0
WISCONSIN,False,2014,22572,False,False,5757564.0,16714.0,165.0,1168.0,1674.0,5066.0,9809.0,120238.0,21216.0,89103.0,9919.0
WYOMING,False,2014,2369,False,False,584153.0,1142.0,16.0,126.0,174.0,53.0,899.0,11477.0,1689.0,9185.0,603.0
FEDERAL,False,2015,195622,,,,,,,,,,,,,
ALABAMA,False,2015,25212,False,False,4858979.0,22952.0,348.0,1456.0,2039.0,4611.0,15954.0,144746.0,35255.0,99156.0,10335.0
ALASKA,True,2015,5247,False,False,738432.0,5392.0,59.0,650.0,901.0,761.0,3671.0,20806.0,3511.0,15249.0,2046.0
ARIZONA,False,2015,42204,False,False,6828065.0,28012.0,309.0,2294.0,3108.0,6360.0,18235.0,207107.0,37957.0,152365.0,16785.0
ARKANSAS,False,2015,15784,False,False,2978204.0,15526.0,181.0,1300.0,1931.0,2098.0,11316.0,96836.0,22640.0,68424.0,5772.0
CALIFORNIA,False,2015,127815,False,False,39144818.0,166883.0,1861.0,9387.0,12811.0,52862.0,99349.0,1024914.0,197404.0,656517.0,170993.0
COLORADO,False,2015,19959,False,False,5456574.0,17515.0,176.0,2377.0,3257.0,3323.0,10759.0,144136.0,23454.0,104682.0,16000.0
CONNECTICUT,True,2015,16024,False,False,3590886.0,7845.0,117.0,582.0,773.0,2892.0,4063.0,65066.0,10053.0,48675.0,6338.0
DELAWARE,True,2015,6437,False,False,945934.0,4720.0,63.0,243.0,341.0,1235.0,3081.0,25455.0,4773.0,19501.0,1181.0
FLORIDA,False,2015,99485,False,False,20271272.0,93626.0,1041.0,5430.0,7553.0,21137.0,63895.0,570270.0,109268.0,420341.0,40661.0
GEORGIA,False,2015,52002,True,False,10214860.0,38643.0,615.0,2296.0,3224.0,12247.0,22557.0,308723.0,66374.0,215867.0,26482.0
HAWAII,True,2015,5413,False,False,1431603.0,4201.0,19.0,400.0,561.0,1203.0,2418.0,54346.0,6557.0,42010.0,5779.0
IDAHO,False,2015,7238,False,False,1654930.0,3568.0,32.0,533.0,694.0,192.0,2650.0,28858.0,6124.0,20863.0,1871.0
ILLINOIS,False,2015,46240,False,False,12859995.0,49354.0,744.0,3549.0,4821.0,14910.0,28879.0,255729.0,46443.0,191634.0,17652.0
INDIANA,False,2015,26586,False,False,6619680.0,25653.0,373.0,1789.0,2404.0,7111.0,15765.0,171847.0,34410.0,123918.0,13519.0
IOWA,False,2015,8864,False,False,3123899.0,8936.0,72.0,851.0,1156.0,1047.0,6661.0,63957.0,14892.0,44723.0,4342.0
KANSAS,False,2015,9533,False,False,2911641.0,11353.0,128.0,1251.0,1615.0,1818.0,7792.0,79199.0,15362.0,56880.0,6957.0
KENTUCKY,False,2015,11959,False,False,4425092.0,9676.0,209.0,997.0,1492.0,3307.0,4668.0,96362.0,22260.0,66320.0,7782.0
LOUISIANA,False,2015,18447,False,False,4670724.0,25208.0,481.0,1260.0,1723.0,5550.0,17454.0,156629.0,35453.0,111435.0,9741.0
MAINE,False,2015,2190,False,False,1329328.0,1729.0,23.0,354.0,474.0,311.0,921.0,24327.0,4684.0,18829.0,814.0
MARYLAND,False,2015,20951,False,False,6006401.0,27462.0,516.0,1184.0,1666.0,9863.0,15417.0,139048.0,25678.0,100219.0,13151.0
MASSACHUSETTS,False,2015,9493,False,False,6794422.0,26562.0,128.0,1608.0,2075.0,5288.0,19071.0,114871.0,21890.0,84912.0,8069.0
MICHIGAN,False,2015,42628,False,False,9922576.0,41231.0,571.0,4163.0,6450.0,7796.0,26414.0,187101.0,40041.0,131296.0,15764.0
MINNESOTA,False,2015,9578,False,False,5489594.0,13319.0,133.0,1686.0,2321.0,3771.0,7094.0,121984.0,19299.0,94704.0,7981.0
MISSISSIPPI,False,2015,13967,False,False,2992333.0,8254.0,259.0,862.0,1203.0,2294.0,4498.0,84790.0,24799.0,55748.0,4243.0
MISSOURI,False,2015,32295,False,False,6083672.0,30261.0,502.0,1854.0,2553.0,6376.0,20830.0,173642.0,34006.0,122637.0,16999.0
MONTANA,False,2015,3176,False,False,1032949.0,3611.0,36.0,431.0,547.0,210.0,2818.0,27100.0,3838.0,20844.0,2418.0
NEBRASKA,False,2015,5133,False,False,1896190.0,5212.0,62.0,652.0,873.0,994.0,3283.0,42495.0,6422.0,32072.0,4001.0
NEVADA,False,2015,13235,False,False,2890845.0,20118.0,178.0,1238.0,1688.0,6287.0,11965.0,77137.0,22360.0,43426.0,11351.0
NEW HAMPSHIRE,False,2015,2661,False,False,1330608.0,2652.0,14.0,461.0,627.0,468.0,1543.0,23229.0,3467.0,18871.0,891.0
NEW JERSEY,False,2015,20294,False,False,8958013.0,22879.0,363.0,1019.0,1373.0,9729.0,11414.0,145701.0,27960.0,105963.0,11778.0
NEW MEXICO,False,2015,7104,False,False,2085109.0,13681.0,117.0,1215.0,1672.0,2485.0,9407.0,77094.0,17085.0,51483.0,8526.0
NEW YORK,False,2015,51485,,,,,,,,,,,,,
NORTH CAROLINA,False,2015,36888,False,False,10042802.0,34852.0,517.0,1939.0,2684.0,8825.0,22826.0,276183.0,74841.0,187907.0,13435.0
NORTH DAKOTA,False,2015,1772,False,False,756927.0,1812.0,21.0,276.0,345.0,148.0,1298.0,16020.0,2997.0,11440.0,1583.0
OHIO,False,2015,52240,False,False,11613423.0,33898.0,500.0,4154.0,5149.0,12554.0,15695.0,300525.0,69303.0,213993.0,17229.0
OKLAHOMA,False,2015,27321,False,False,3911338.0,16506.0,234.0,1352.0,1849.0,3005.0,11418.0,112878.0,28406.0,74022.0,10450.0
OREGON,False,2015,14655,False,False,4028977.0,10468.0,99.0,1164.0,1593.0,2146.0,6630.0,118719.0,18336.0,89836.0,10547.0
PENNSYLVANIA,False,2015,48846,False,False,12802503.0,40339.0,658.0,3122.0,4305.0,13003.0,22373.0,232085.0,39664.0,180287.0,12134.0
RHODE ISLAND,True,2015,2982,False,False,1056298.0,2562.0,29.0,338.0,459.0,556.0,1518.0,20043.0,3947.0,14707.0,1389.0
SOUTH CAROLINA,False,2015,20457,False,False,4896146.0,24700.0,399.0,1707.0,2297.0,3931.0,18073.0,161245.0,34551.0,113724.0,12970.0
SOUTH DAKOTA,False,2015,3536,False,False,858469.0,3289.0,32.0,441.0,495.0,216.0,2546.0,16680.0,2960.0,12532.0,1188.0
TENNESSEE,False,2015,19800,False,False,6600299.0,40400.0,406.0,1966.0,2676.0,7474.0,29844.0,193796.0,43247.0,137679.0,12870.0
TEXAS,False,2015,152492,False,False,27469114.0,113227.0,1316.0,8925.0,12250.0,31934.0,67727.0,777739.0,153054.0,557200.0,67485.0
UTAH,False,2015,4831,False,False,2995919.0,7071.0,54.0,1098.0,1645.0,1326.0,4046.0,89278.0,12468.0,68103.0,8707.0
VERMONT,True,2015,1750,False,False,626042.0,739.0,10.0,121.0,136.0,101.0,492.0,8806.0,1968.0,6660.0,178.0
VIRGINIA,False,2015,30430,False,False,8382993.0,16399.0,383.0,1493.0,2340.0,4441.0,9235.0,156470.0,21340.0,127019.0,8111.0
WASHINGTON,False,2015,17222,False,False,7170351.0,20394.0,211.0,2193.0,2705.0,5449.0,12029.0,248369.0,50993.0,170509.0,26867.0
WEST VIRGINIA,False,2015,5925,False,False,1844128.0,6231.0,70.0,420.0,672.0,760.0,4729.0,37251.0,9170.0,25842.0,2239.0
WISCONSIN,False,2015,22914,False,False,5771337.0,17647.0,240.0,1224.0,1780.0,5232.0,10395.0,113924.0,19554.0,83385.0,10985.0
WYOMING,False,2015,2400,False,False,586107.0,1302.0,16.0,125.0,173.0,59.0,1054.0,11151.0,1762.0,8797.0,592.0
FEDERAL,False,2016,188311,,,,,,,,,,,,,
ALABAMA,False,2016,23745,False,False,4860545.0,25878.0,407.0,,1915.0,4687.0,18869.0,143259.0,34045.0,97498.0,11716.0
ALASKA,True,2016,4378,False,False,741522.0,5966.0,52.0,,1053.0,850.0,4011.0,24876.0,4053.0,17766.0,3057.0
ARIZONA,False,2016,42248,False,False,6908642.0,32542.0,389.0,,3304.0,7045.0,21804.0,207317.0,38216.0,150618.0,18483.0
ARKANSAS,False,2016,15833,False,False,2988231.0,16563.0,217.0,,2214.0,2125.0,12007.0,98092.0,23814.0,67091.0,7187.0
CALIFORNIA,False,2016,129416,False,False,39296476.0,174796.0,1930.0,,13702.0,54789.0,104375.0,1002070.0,188304.0,637010.0,176756.0
COLORADO,False,2016,19486,False,False,5530105.0,19030.0,189.0,,3635.0,3525.0,11681.0,152146.0,23825.0,108680.0,19641.0
CONNECTICUT,True,2016,15040,False,False,3587685.0,8169.0,79.0,,791.0,2711.0,4588.0,64875.0,10107.0,47642.0,7126.0
DELAWARE,True,2016,6334,False,False,952698.0,4859.0,58.0,,311.0,1359.0,3131.0,26370.0,5028.0,19812.0,1530.0
FLORIDA,False,2016,98010,False,False,20656589.0,88700.0,1111.0,,7598.0,20175.0,59816.0,553812.0,100325.0,410352.0,43135.0
GEORGIA,False,2016,53433,False,False,10313620.0,40268.0,682.0,,3381.0,12114.0,24091.0,307305.0,62715.0,218127.0,26463.0
HAWAII,True,2016,5182,False,False,1428683.0,3452.0,35.0,,601.0,985.0,1831.0,42353.0,5983.0,30871.0,5499.0
IDAHO,False,2016,7221,False,False,1680026.0,3876.0,49.0,,719.0,213.0,2895.0,29357.0,6318.0,20962.0,2077.0
ILLINOIS,False,2016,43616,False,False,12835726.0,56054.0,1061.0,,5003.0,17829.0,32161.0,263256.0,48193.0,195196.0,19867.0
INDIANA,False,2016,25143,False,False,6634007.0,26516.0,431.0,,2449.0,7291.0,16345.0,168460.0,33567.0,120454.0,14439.0
IOWA,False,2016,9049,False,False,3130869.0,9170.0,73.0,,1278.0,1150.0,6669.0,65888.0,15306.0,45580.0,5002.0
KANSAS,False,2016,9653,False,False,2907731.0,11665.0,132.0,,1618.0,1757.0,8158.0,82293.0,14759.0,60119.0,7415.0
KENTUCKY,False,2016,11867,False,False,4436113.0,10452.0,265.0,,1748.0,3371.0,5068.0,97713.0,20932.0,66833.0,9948.0
LOUISIANA,False,2016,15059,False,False,4686157.0,26477.0,555.0,,1819.0,5575.0,18528.0,154511.0,34689.0,109492.0,10330.0
MAINE,False,2016,2356,False,False,1330232.0,1649.0,20.0,,413.0,268.0,948.0,21908.0,4001.0,17131.0,776.0
MARYLAND,False,2016,20236,False,False,6024752.0,29019.0,536.0,,1827.0,10815.0,15841.0,139716.0,24832.0,100995.0,13889.0
MASSACHUSETTS,False,2016,9038,False,False,6823721.0,25975.0,135.0,,2141.0,5365.0,18334.0,106430.0,19204.0,79155.0,8071.0
MICHIGAN,False,2016,41122,False,False,9933445.0,45782.0,612.0,,7268.0,7123.0,30779.0,190249.0,39738.0,130249.0,20262.0
MINNESOTA,False,2016,9509,False,False,5525050.0,13365.0,101.0,,2349.0,3730.0,7185.0,117723.0,18582.0,90421.0,8720.0
MISSISSIPPI,False,2016,13720,False,False,2985415.0,8411.0,237.0,,1282.0,2433.0,4459.0,82521.0,23489.0,54725.0,4307.0
MISSOURI,False,2016,32427,False,False,6091176.0,31720.0,538.0,,2557.0,6576.0,22049.0,170661.0,31716.0,120649.0,18296.0
MONTANA,False,2016,3199,False,False,1038656.0,3886.0,37.0,,598.0,268.0,2983.0,28156.0,3966.0,21427.0,2763.0
NEBRASKA,False,2016,5167,False,False,1907603.0,5661.0,49.0,,1108.0,946.0,3558.0,43197.0,6459.0,32009.0,4729.0
NEVADA,False,2016,13932,False,False,2939254.0,19924.0,228.0,,1729.0,6338.0,11629.0,75922.0,18816.0,43949.0,13157.0
NEW HAMPSHIRE,False,2016,2599,False,False,1335015.0,2668.0,19.0,,609.0,431.0,1609.0,20323.0,2989.0,16454.0,880.0
NEW JERSEY,False,2016,19458,False,False,8978416.0,21861.0,378.0,,1454.0,8940.0,11089.0,138012.0,25229.0,101459.0,11324.0
NEW MEXICO,False,2016,6996,False,False,2085432.0,14585.0,139.0,,1527.0,2737.0,10182.0,81930.0,17280.0,52907.0,11743.0
NEW YORK,False,2016,50611,False,False,19836286.0,74315.0,629.0,,6281.0,22310.0,45095.0,305224.0,39850.0,250990.0,14384.0
NORTH CAROLINA,False,2016,35970,False,False,10156689.0,37767.0,678.0,,2847.0,9336.0,24906.0,277765.0,72082.0,190377.0,15306.0
NORTH DAKOTA,False,2016,1639,False,False,755548.0,1905.0,16.0,,356.0,181.0,1352.0,17451.0,3248.0,12249.0,1954.0
OHIO,False,2016,52172,False,False,11622554.0,35759.0,683.0,,5754.0,12574.0,16748.0,300945.0,67081.0,214102.0,19762.0
OKLAHOMA,False,2016,26367,False,False,3921207.0,17855.0,247.0,,2100.0,3174.0,12334.0,118010.0,29376.0,76358.0,12276.0
OREGON,False,2016,14579,False,False,4085989.0,10983.0,116.0,,1784.0,2307.0,6776.0,121716.0,16919.0,91507.0,13290.0
PENNSYLVANIA,False,2016,48287,False,False,12787085.0,40389.0,674.0,,4459.0,12314.0,22942.0,222394.0,35178.0,174147.0,13069.0
RHODE ISLAND,True,2016,2887,False,False,1057566.0,2529.0,29.0,,445.0,541.0,1514.0,18910.0,3650.0,14157.0,1103.0
SOUTH CAROLINA,False,2016,20376,False,False,4959822.0,25137.0,358.0,,2491.0,4071.0,18217.0,161534.0,33149.0,114455.0,13930.0
SOUTH DAKOTA,False,2016,3770,False,False,861542.0,3636.0,28.0,,526.0,274.0,2808.0,17207.0,3002.0,12705.0,1500.0
TENNESSEE,False,2016,21539,False,False,6649404.0,42459.0,495.0,,2803.0,7829.0,31332.0,191199.0,40607.0,135353.0,15239.0
TEXAS,False,2016,151276,False,False,27904862.0,121064.0,1478.0,,13446.0,33298.0,72842.0,769892.0,148796.0,552106.0,68990.0
UTAH,False,2016,4502,False,False,3044321.0,7406.0,74.0,,1560.0,1528.0,4244.0,90561.0,12938.0,68261.0,9362.0
VERMONT,True,2016,1735,False,False,623354.0,851.0,14.0,,170.0,78.0,589.0,9705.0,1884.0,7637.0,184.0
VIRGINIA,False,2016,29882,False,False,8414380.0,18495.0,482.0,,2830.0,4826.0,10357.0,157292.0,20159.0,127285.0,9848.0
WASHINGTON,False,2016,17228,False,False,7280934.0,22101.0,195.0,,3133.0,5649.0,13124.0,254994.0,49249.0,173423.0,32322.0
WEST VIRGINIA,False,2016,5899,False,False,1828637.0,6633.0,85.0,,684.0,720.0,5144.0,37282.0,9127.0,25657.0,2498.0
WISCONSIN,False,2016,23163,False,False,5772917.0,17716.0,232.0,,2005.0,4707.0,10772.0,111911.0,19498.0,82455.0,9958.0
WYOMING,False,2016,2352,False,False,584910.0,1431.0,20.0,,206.0,59.0,1146.0,11460.0,1771.0,8889.0,800.0
