jurisdiction,year,crime_reporting_change,crimes_estimated,state_population,violent_crime_total,murder_manslaughter,rape_legacy,rape_revised,robbery,agg_assault,property_crime_total,burglary,larceny,vehicle_theft
Alaska,2001,0,0,"6,33,630","3,735",39,501,,514,"2,681","23,160","3,847","16,695","2,618"
Alaska,2002,0,0,"6,41,482","3,627",33,511,,489,"2,594","24,118","3,908","17,739","2,471"
Alaska,2003,0,0,"6,48,280","3,877",39,605,,446,"2,787","24,386","3,874","18,051","2,461"
Alaska,2004,0,0,"6,57,755","4,159",37,558,,447,"3,117","22,172","3,773","16,159","2,240"
Alaska,2005,0,0,"6,63,253","4,194",32,538,,537,"3,087","23,975","4,131","17,249","2,595"
Alaska,2006,0,0,"6,70,053","4,610",36,512,,600,"3,462","23,975","4,155","17,284","2,536"
Alaska,2007,0,0,"6,83,478","4,520",43,545,,581,"3,351","23,096","3,734","16,929","2,433"
Alaska,2008,0,0,"6,86,293","4,475",27,447,,645,"3,356","20,090","3,237","15,225","1,628"
Alaska,2009,0,0,"6,98,473","4,424",22,513,,654,"3,235","20,538","3,600","15,251","1,687"
Alaska,2010,0,0,"7,14,146","4,537",31,533,,594,"3,379","20,259","3,105","15,535","1,619"
Alaska,2011,0,0,"7,23,860","4,416",30,436,,576,"3,374","19,094","2,852","14,854","1,388"
Alaska,2012,0,0,"7,30,307","4,412",30,583,,630,"3,169","20,037","2,950","15,565","1,522"
Alaska,2013,0,0,"7,37,259","4,709",34,657,925,623,"3,127","21,211","2,917","16,599","1,695"
Alaska,2014,0,0,"7,36,732","4,684",41,555,771,629,"3,243","20,334","3,150","15,445","1,739"
Arizona,2001,0,0,"53,06,966","28,675",400,1518,,"8,868","17,889","2,93,874","54,821","1,86,850","52,203"
Arizona,2002,0,0,"54,41,125","30,171",387,1608,,"8,000","20,176","3,18,296","59,087","2,01,541","57,668"
Arizona,2003,0,0,"55,79,222","28,638",441,1856,,"7,619","18,722","3,14,335","58,613","1,98,725","56,997"
Arizona,2004,0,0,"57,39,879","28,952",414,1896,,"7,721","18,921","2,91,203","56,885","1,79,012","55,306"
Arizona,2005,0,0,"59,53,007","30,478",445,2006,,"8,579","19,448","2,87,345","56,328","1,76,112","54,905"
Arizona,2006,0,0,"61,66,318","33,456",533,2449,,"9,491","20,983","2,94,389","59,418","1,78,321","56,650"
Arizona,2007,0,0,"63,38,755","32,835",548,2353,,"9,764","20,170","2,87,308","59,988","1,77,076","50,244"
Arizona,2008,0,0,"65,00,180","31,567",462,2200,,"9,809","19,096","2,66,653","58,606","1,69,460","38,587"
Arizona,2009,0,0,"65,95,778","28,128",380,2279,,"8,199","17,270","2,36,721","54,308","1,55,976","26,437"
Arizona,2010,0,0,"64,13,158","26,528",408,2191,,"6,953","16,976","2,26,802","50,932","1,54,137","21,733"
Arizona,2011,0,0,"64,67,315","26,789",397,2499,,"7,145","16,748","2,29,896","54,695","1,55,400","19,801"
Arizona,2012,0,0,"65,51,149","28,077",358,2282,,"7,383","18,054","2,31,701","52,911","1,59,808","18,982"
Arizona,2013,0,0,"66,34,997","27,576",355,2344,"3,174","6,656","17,391","2,23,294","48,292","1,58,036","16,966"
Arizona,2014,0,0,"67,31,484","26,916",319,2464,"3,378","6,249","16,970","2,15,240","43,562","1,54,091","17,587"
Alabama,2001,0,0,"44,68,912","19,582",379,1369,,"5,584","12,250","1,73,253","40,642","1,19,992","12,619"
Alabama,2002,0,0,"44,78,896","19,931",303,1664,,"5,962","12,002","1,80,400","42,578","1,23,932","13,890"
Alabama,2003,0,0,"45,03,726","19,331",299,1656,,"6,038","11,338","1,82,241","43,245","1,24,039","14,957"
Alabama,2004,0,0,"45,25,375","19,324",254,1742,,"6,042","11,286","1,82,340","44,666","1,23,650","14,024"
Alabama,2005,0,0,"45,48,327","19,678",374,1564,,"6,447","11,293","1,77,393","43,473","1,20,780","13,140"
Alabama,2006,0,0,"45,99,030","19,553",382,1646,,"7,062","10,463","1,81,249","44,780","1,21,451","15,018"
Alabama,2007,0,0,"46,27,851","20,775",412,1548,,"7,398","11,417","1,84,082","45,379","1,24,465","14,238"
Alabama,2008,0,0,"46,61,900","21,110",351,1618,,"7,346","11,795","1,90,416","50,411","1,26,539","13,466"
Alabama,2009,0,0,"47,08,708","21,194",322,1504,,"6,265","13,103","1,78,007","48,844","1,18,072","11,091"
Alabama,2010,0,0,"47,85,401","18,363",275,1355,,"4,864","11,869","1,68,828","42,484","1,15,564","10,780"
Alabama,2011,1,0,"48,03,689","20,166",299,1370,,"4,906","13,591","1,73,192","51,119","1,11,411","10,662"
Alabama,2012,0,0,"48,17,528","21,693",342,1296,,"5,020","15,035","1,68,878","47,481","1,11,523","9,874"
Alabama,2013,0,0,"48,33,996","20,834",346,1449,"2,055","4,645","13,788","1,61,835","42,410","1,08,862","10,563"
Alabama,2014,0,0,"48,49,377","20,727",276,1436,"2,005","4,701","13,745","1,54,094","39,715","1,04,238","10,141"
Arkansas,2001,0,0,"26,94,698","12,190",148,892,,"2,181","8,969","99,106","22,196","69,590","7,320"
Arkansas,2002,0,0,"27,06,268","11,501",142,754,,"2,524","8,081","1,01,171","23,229","71,129","6,813"
Arkansas,2003,0,0,"27,27,774","12,449",180,911,,"2,227","9,131","99,084","25,016","68,061","6,007"
Arkansas,2004,0,0,"27,50,000","13,814",176,1183,,"2,372","10,083","1,10,911","30,151","74,242","6,518"
Arkansas,2005,0,0,"27,75,708","14,670",189,1202,,"2,532","10,747","1,12,914","30,118","75,510","7,286"
Arkansas,2006,0,0,"28,10,872","15,538",205,1325,,"2,749","11,259","1,12,025","31,864","72,646","7,515"
Arkansas,2007,0,0,"28,34,797","15,226",198,1294,,"3,105","10,629","1,12,130","32,035","73,096","6,999"
Arkansas,2008,0,0,"28,55,390","14,649",165,1463,,"2,777","10,244","1,10,360","33,912","69,905","6,543"
Arkansas,2009,0,0,"28,89,450","14,905",179,1378,,"2,576","10,772","1,09,078","34,753","68,228","6,097"
Arkansas,2010,0,0,"29,21,588","14,711",134,1321,,"2,369","10,887","1,03,820","32,463","65,796","5,561"
Arkansas,2011,0,0,"29,38,582","14,173",160,1230,,"2,357","10,426","1,10,430","34,016","70,645","5,769"
Arkansas,2012,0,0,"29,49,828","13,851",174,1233,,"2,310","10,134","1,09,389","32,673","70,982","5,734"
Arkansas,2013,0,0,"29,58,765","13,705",158,1135,"1,490","2,261","9,796","1,06,477","30,369","70,430","5,678"
Arkansas,2014,0,0,"29,66,369","14,243",165,1182,"1,763","2,050","10,265","99,018","24,790","68,627","5,601"
California,2001,0,0,"3,46,00,463","2,12,867","2,206",9960,,"64,614","1,36,087","11,34,189","2,32,273","6,97,739","2,04,177"
California,2002,0,0,"3,50,01,986","2,08,388","2,395",10198,,"64,968","1,30,827","11,76,484","2,38,428","7,15,692","2,22,364"
California,2003,0,0,"3,54,62,712","2,05,551","2,407",9994,,"63,770","1,29,380","12,15,086","2,42,274","7,31,486","2,41,326"
California,2004,0,0,"3,58,42,038","1,89,175","2,392",9615,,"61,768","1,15,400","12,27,194","2,45,903","7,28,687","2,52,604"
California,2005,0,0,"3,61,54,147","1,90,178","2,503",9392,,"63,622","1,14,661","12,00,531","2,50,521","6,92,467","2,57,543"
California,2006,0,0,"3,64,57,549","1,94,483","2,486",9235,,"71,142","1,11,620","11,59,988","2,47,230","6,69,103","2,43,655"
California,2007,0,0,"3,65,53,215","1,91,561","2,262",9046,,"70,706","1,09,547","11,12,510","2,37,850","6,54,526","2,20,134"
California,2008,0,0,"3,67,56,666","1,85,329","2,142",8903,,"69,388","1,04,896","10,80,996","2,37,811","6,50,656","1,92,529"
California,2009,0,0,"3,69,61,664","1,74,934","1,972",8713,,"64,093","1,00,156","10,09,433","2,30,198","6,15,402","1,63,833"
California,2010,0,0,"3,73,38,198","1,64,133","1,809",8331,,"58,116","95,877","9,81,939","2,28,857","6,00,558","1,52,524"
California,2011,0,0,"3,76,83,933","1,54,943","1,792",7665,,"54,291","91,195","9,73,822","2,30,075","5,96,905","1,46,842"
California,2012,0,0,"3,79,99,878","1,60,944","1,884",7837,,"56,521","94,702","10,49,465","2,45,767","6,35,090","1,68,608"
California,2013,0,0,"3,84,31,393","1,54,739","1,746",7464,"10,324","53,640","89,029","10,18,907","2,32,058","6,21,557","1,65,292"
California,2014,0,0,"3,88,02,500","1,53,709","1,699",8398,"11,527","48,680","91,803","9,47,192","2,02,670","5,92,670","1,51,852"
Colorado,2001,0,0,"44,30,989","15,492",158,1930,,"3,555","9,849","1,70,887","28,533","1,21,360","20,994"
Colorado,2002,0,0,"45,01,051","15,882",179,2066,,"3,579","10,058","1,80,054","31,678","1,25,193","23,183"
Colorado,2003,0,0,"45,47,633","15,757",185,1913,,"3,738","9,921","1,79,706","32,394","1,24,496","22,816"
Colorado,2004,0,0,"46,01,821","17,121",201,1945,,"3,739","11,236","1,80,322","33,010","1,23,308","24,004"
Colorado,2005,0,0,"46,63,295","18,498",173,2026,,"3,948","12,351","1,88,449","34,746","1,27,602","26,101"
Colorado,2006,0,0,"47,53,377","18,794",171,2158,,"3,824","12,641","1,63,439","32,411","1,10,372","20,656"
Colorado,2007,0,0,"48,61,515","17,101",155,2075,,"3,461","11,410","1,45,808","28,633","1,00,519","16,656"
Colorado,2008,0,0,"49,39,456","17,480",165,2151,,"3,404","11,760","1,39,340","28,054","97,937","13,349"
Colorado,2009,0,0,"50,24,748","17,022",159,2269,,"3,371","11,223","1,34,196","26,637","95,079","12,480"
Colorado,2010,0,0,"50,47,692","16,339",129,2230,,"3,164","10,816","1,35,001","26,196","97,534","11,271"
Colorado,2011,0,0,"51,16,302","16,085",155,2285,,"3,299","10,346","1,32,781","25,725","96,054","11,002"
Colorado,2012,0,0,"51,89,458","15,951",152,2122,,"3,392","10,285","1,39,355","26,163","1,01,091","12,101"
Colorado,2013,0,0,"52,72,086","16,099",174,2198,"2,963","3,136","9,826","1,39,974","25,075","1,02,375","12,524"
Colorado,2014,0,0,"53,55,866","16,554",151,2121,"3,039","3,039","10,325","1,35,510","23,472","99,464","12,574"
Connecticut,2001,0,0,"34,34,602","11,492",105,639,,"4,183","6,565","95,299","17,159","65,762","12,378"
Connecticut,2002,0,0,"34,58,587","10,807",84,740,,"4,069","5,914","93,426","17,111","64,735","11,580"
Connecticut,2003,0,0,"34,86,960","11,045",112,698,,"4,212","6,023","92,981","16,043","65,568","11,370"
Connecticut,2004,0,0,"34,98,966","10,113",100,755,,"4,188","5,070","93,942","15,959","66,770","11,213"
Connecticut,2005,0,0,"35,00,701","9,542",105,712,,"3,933","4,792","90,270","15,245","64,416","10,609"
Connecticut,2006,0,0,"35,04,809","10,505",137,696,,"4,460","5,212","90,638","15,583","64,765","10,290"
Connecticut,2007,0,0,"35,02,309","10,547",113,690,,"4,303","5,441","86,528","15,640","60,937","9,951"
Connecticut,2008,0,0,"35,01,252","10,737",132,680,,"4,043","5,882","87,210","15,107","63,212","8,891"
Connecticut,2009,0,0,"35,18,288","10,588",106,657,,"4,001","5,824","82,625","15,172","59,992","7,461"
Connecticut,2010,0,0,"35,75,498","10,083",133,595,,"3,553","5,802","78,259","15,145","56,413","6,701"
Connecticut,2011,0,0,"35,86,717","9,889",129,689,,"3,689","5,382","77,205","15,468","55,067","6,670"
Connecticut,2012,0,0,"35,91,765","10,183",117,933,,"3,709","5,424","77,169","14,787","55,904","6,478"
Connecticut,2013,0,0,"35,99,341","9,439",91,647,891,"3,551","4,906","71,274","12,934","52,099","6,241"
Connecticut,2014,0,0,"35,96,677","8,522",86,571,782,"3,159","4,495","69,070","11,955","51,005","6,110"
Delaware,2001,0,0,"7,96,599","4,868",23,420,,"1,156","3,269","27,399","5,144","19,476","2,779"
Delaware,2002,0,0,"8,05,945","4,836",26,358,,"1,154","3,298","26,967","5,355","18,555","3,057"
Delaware,2003,0,0,"8,18,166","5,525",21,370,,"1,441","3,693","27,943","6,066","18,933","2,944"
Delaware,2004,0,0,"8,30,069","5,105",28,357,,"1,343","3,377","27,256","5,669","19,285","2,302"
Delaware,2005,0,0,"8,41,741","5,332",37,377,,"1,306","3,612","26,245","5,811","18,085","2,349"
Delaware,2006,0,0,"8,53,476","5,983",42,417,,"1,791","3,733","29,670","6,337","20,449","2,884"
Delaware,2007,0,0,"8,64,764","6,100",39,341,,"1,763","3,957","29,216","6,420","20,454","2,342"
Delaware,2008,0,0,"8,73,092","6,187",57,371,,"1,847","3,912","31,385","6,783","22,045","2,557"
Delaware,2009,0,0,"8,85,122","5,713",41,395,,"1,680","3,597","29,685","6,943","20,836","1,906"
Delaware,2010,0,0,"8,99,792","5,608",51,326,,"1,839","3,392","31,078","7,550","21,593","1,935"
Delaware,2011,0,0,"9,08,137","5,144",48,307,,"1,558","3,231","31,163","7,617","22,001","1,545"
Delaware,2012,0,0,"9,17,053","5,048",56,249,,"1,498","3,245","30,707","7,389","21,880","1,438"
Delaware,2013,0,0,"9,25,240","4,633",41,278,399,"1,233","2,960","29,001","6,299","21,347","1,355"
Delaware,2014,0,0,"9,35,614","4,576",54,249,386,"1,269","2,867","27,900","5,768","20,865","1,267"
DC,2001,0,0,"5,73,822","9,195",231,181,,"3,780","5,003","35,232","4,949","22,313","7,970"
DC,2002,1,0,"5,69,157","9,322",264,262,,"3,834","4,962","36,477","5,170","21,708","9,599"
DC,2003,0,0,"5,57,620","9,061",249,274,,"3,941","4,597","32,696","4,671","18,119","9,906"
DC,2004,0,0,"5,54,239","7,590",198,222,,"3,202","3,968","26,896","3,946","14,542","8,408"
DC,2005,0,0,"5,82,049","8,032",195,166,,"3,700","3,971","26,133","3,577","14,836","7,720"
DC,2006,0,0,"5,81,530","8,772",169,185,,"3,829","4,589","27,064","3,835","15,908","7,321"
DC,2007,0,0,"5,88,292","8,325",181,192,,"4,265","3,687","28,922","3,926","17,390","7,606"
DC,2008,0,0,"5,91,833","8,509",186,186,,"4,430","3,707","30,211","3,788","19,958","6,465"
DC,2009,1,0,"5,99,657","8,089",145,150,,"4,404","3,390","28,495","3,696","19,267","5,532"
DC,2010,0,0,"6,04,912","8,026",132,187,,"4,325","3,382","28,802","4,233","19,514","5,055"
DC,2011,0,0,"6,19,020","7,433",108,173,,"4,094","3,058","29,654","3,850","21,347","4,457"
DC,2012,1,0,"6,33,427","7,866",88,236,,"4,037","3,505","30,757","3,519","23,575","3,663"
DC,2013,0,0,"6,49,111","8,415",103,297,395,"4,082","3,835","31,097","3,316","24,547","3,234"
DC,2014,0,0,"6,58,893","8,199",105,352,472,"3,497","4,125","34,147","3,466","26,898","3,783"
Florida,2001,0,0,"1,63,73,330","1,30,713",874,6641,,"32,867","90,331","7,82,517","1,76,052","5,16,548","89,917"
Florida,2002,0,0,"1,66,91,701","1,28,721",911,6753,,"32,581","88,476","7,77,236","1,77,242","5,11,478","88,516"
Florida,2003,0,0,"1,69,99,181","1,24,280",924,6727,,"31,523","85,106","7,57,696","1,70,644","5,05,489","81,563"
Florida,2004,0,0,"1,73,85,430","1,23,754",946,6612,,"29,997","86,199","7,27,141","1,66,332","4,82,484","78,325"
Florida,2005,0,0,"1,77,68,191","1,25,957",883,6592,,"30,141","88,341","7,12,998","1,64,783","4,72,912","75,303"
Florida,2006,0,0,"1,80,89,888","1,29,602","1,129",6475,,"34,147","87,851","7,21,101","1,70,873","4,73,774","76,454"
Florida,2007,0,0,"1,82,51,243","1,31,878","1,202",6149,,"38,155","86,372","7,46,249","1,81,836","4,90,783","73,630"
Florida,2008,0,0,"1,83,28,340","1,26,256","1,168",5972,,"36,268","82,848","7,58,889","1,88,472","5,06,902","63,515"
Florida,2009,0,0,"1,85,37,969","1,13,541","1,017",5501,,"30,911","76,112","7,12,010","1,81,884","4,79,867","50,259"
Florida,2010,0,0,"1,88,38,613","1,01,969",987,5373,,"26,086","69,523","6,69,035","1,69,119","4,58,454","41,462"
Florida,2011,0,0,"1,90,82,262","98,198",984,5273,,"25,622","66,319","6,71,200","1,70,171","4,61,408","39,621"
Florida,2012,0,0,"1,93,20,749","94,087","1,009",5260,,"23,889","63,929","6,32,988","1,53,563","4,42,095","37,330"
Florida,2013,0,0,"1,96,00,311","91,993",972,4765,"6,767","23,200","61,054","6,07,170","1,38,915","4,33,344","34,911"
Florida,2014,0,0,"1,98,93,297","1,07,521","1,149",6051,"8,563","24,914","72,895","6,79,446","1,43,220","4,93,647","42,579"
Georgia,2001,0,0,"84,05,677","41,671",598,2180,,"14,402","24,491","3,47,872","71,799","2,38,484","37,589"
Georgia,2002,0,0,"85,44,005","39,271",606,2108,,"13,432","23,125","3,46,559","73,932","2,34,591","38,036"
Georgia,2003,0,0,"86,76,460","39,435",657,2234,,"14,043","22,501","3,69,589","79,001","2,47,196","43,392"
Georgia,2004,0,0,"89,18,129","40,217",613,2387,,"13,656","23,561","3,76,656","82,992","2,49,426","44,238"
Georgia,2005,0,0,"91,32,553","40,725",564,2143,,"14,041","23,977","3,78,534","84,463","2,49,594","44,477"
Georgia,2006,0,0,"93,63,941","44,754",605,2169,,"15,511","26,469","3,62,712","85,140","2,34,445","43,127"
Georgia,2007,0,0,"95,44,750","46,917",720,2198,,"17,291","26,708","3,71,248","90,294","2,38,436","42,518"
Georgia,2008,0,0,"96,85,744","47,353",640,2334,,"17,808","26,571","3,87,917","1,00,564","2,47,709","39,644"
Georgia,2009,0,0,"98,29,211","42,073",566,2323,,"14,631","24,553","3,60,985","98,606","2,29,216","33,163"
Georgia,2010,0,0,"97,12,157","39,068",555,2107,,"12,372","24,034","3,53,449","96,947","2,26,161","30,341"
Georgia,2011,0,0,"98,12,460","36,762",549,2066,,"12,266","21,881","3,57,235","96,014","2,31,543","29,678"
Georgia,2012,0,0,"99,15,646","37,675",583,2143,,"12,502","22,447","3,39,473","86,992","2,23,875","28,606"
Georgia,2013,0,0,"99,94,759","37,519",563,2022,"2,891","12,704","21,361","3,39,808","83,459","2,29,190","27,159"
Georgia,2014,0,0,"1,00,97,343","38,097",580,2159,"3,048","12,417","22,052","3,31,316","76,428","2,28,034","26,854"
Hawaii,2001,0,0,"12,27,024","3,117",32,409,,"1,142","1,534","62,830","11,162","44,925","6,743"
Hawaii,2002,0,0,"12,40,663","3,262",24,372,,"1,210","1,656","71,976","12,722","49,344","9,910"
Hawaii,2003,0,0,"12,48,755","3,400",22,367,,"1,168","1,843","65,867","11,409","44,807","9,651"
Hawaii,2004,0,0,"12,62,124","3,213",33,333,,944,"1,903","60,525","10,827","41,078","8,620"
Hawaii,2005,0,0,"12,73,278","3,253",24,343,,"1,001","1,885","61,115","9,792","42,188","9,135"
Hawaii,2006,0,0,"12,85,498","3,608",21,353,,"1,144","2,090","54,247","8,724","37,784","7,739"
Hawaii,2007,0,0,"12,83,388","3,544",24,377,,"1,122","2,021","52,866","9,089","37,494","6,283"
Hawaii,2008,0,0,"12,88,198","3,510",26,363,,"1,085","2,036","45,944","9,404","31,424","5,116"
Hawaii,2009,0,0,"12,95,178","3,550",23,385,,"1,030","2,112","47,516","9,244","33,415","4,857"
Hawaii,2010,0,0,"13,63,359","3,603",25,377,,"1,065","2,136","45,667","8,706","31,681","5,280"
Hawaii,2011,0,0,"13,78,129","3,465",20,353,,994,"2,098","43,874","8,165","31,240","4,469"
Hawaii,2012,0,0,"13,90,090","3,378",21,279,,"1,125","1,953","43,419","7,653","31,901","3,865"
Hawaii,2013,0,0,"14,08,987","3,585",32,366,508,934,"2,111","45,266","7,777","32,928","4,561"
Hawaii,2014,0,0,"14,19,561","3,680",26,314,445,"1,107","2,102","43,297","7,778","31,640","3,879"
Idaho,2001,0,0,"13,20,585","3,211",30,425,,245,"2,511","38,181","7,507","28,285","2,389"
Idaho,2002,0,0,"13,43,124","3,419",36,497,,240,"2,646","39,128","7,441","29,060","2,627"
Idaho,2003,0,0,"13,67,034","3,362",26,535,,245,"2,556","40,042","7,837","29,559","2,646"
Idaho,2004,0,0,"13,95,140","3,452",31,594,,241,"2,586","38,799","7,671","28,389","2,739"
Idaho,2005,0,0,"14,29,367","3,670",35,577,,266,"2,792","38,556","8,066","27,606","2,884"
Idaho,2006,0,0,"14,66,465","3,666",35,611,,294,"2,726","35,135","7,545","25,154","2,436"
Idaho,2007,0,0,"14,99,402","3,841",49,607,,243,"2,942","34,124","7,131","24,727","2,266"
Idaho,2008,0,0,"15,23,816","3,680",23,579,,239,"2,839","31,940","6,748","23,532","1,660"
Idaho,2009,0,0,"15,45,801","3,805",24,575,,254,"2,952","31,220","6,682","23,066","1,472"
Idaho,2010,0,0,"15,71,102","3,464",22,533,,213,"2,696","31,436","6,513","23,594","1,329"
Idaho,2011,0,0,"15,83,744","3,202",35,444,,188,"2,535","32,875","6,915","24,629","1,331"
Idaho,2012,0,0,"15,95,590","3,348",30,495,,243,"2,580","31,825","7,240","23,203","1,382"
Idaho,2013,0,0,"16,12,843","3,471",29,516,674,220,"2,548","30,230","6,693","21,999","1,538"
Idaho,2014,0,0,"16,34,464","3,468",32,468,609,204,"2,623","30,316","6,428","22,227","1,661"
Illinois,2001,0,1,"1,25,20,227","79,270",982,4010,,"24,931","49,347","4,34,648","79,158","3,06,757","48,733"
Illinois,2002,0,1,"1,25,86,447","75,759",961,4370,,"25,314","45,114","4,30,479","81,440","3,04,227","44,812"
Illinois,2003,0,1,"1,26,49,087","70,376",895,4189,,"23,786","41,506","4,15,885","78,345","2,95,907","41,633"
Illinois,2004,0,1,"1,27,12,016","69,365",780,4220,,"22,582","41,783","4,03,486","76,088","2,87,025","40,373"
Illinois,2005,0,1,"1,27,65,427","70,496",770,4313,,"23,255","42,158","3,94,670","77,635","2,77,662","39,373"
Illinois,2006,0,1,"1,28,31,970","69,498",780,4078,,"23,782","40,858","3,87,478","77,259","2,72,578","37,641"
Illinois,2007,0,1,"1,28,52,548","68,528",752,4103,,"23,100","40,573","3,77,322","75,524","2,67,911","33,887"
Illinois,2008,0,1,"1,29,01,563","67,780",790,4118,,"24,054","38,818","3,78,355","78,968","2,66,815","32,572"
Illinois,2009,0,1,"1,29,10,409","64,185",773,3901,,"22,923","36,588","3,53,347","77,850","2,48,821","26,676"
Illinois,2010,0,1,"1,28,41,980","57,132",704,3066,,"20,386","32,976","3,49,064","77,472","2,42,681","28,911"
Illinois,2011,0,1,"1,28,59,752","54,523",781,3030,,"20,217","30,495","3,44,468","77,719","2,37,362","29,387"
Illinois,2012,0,1,"1,28,68,192","53,556",770,3581,,"19,480","29,725","3,32,706","71,100","2,35,314","26,292"
Illinois,2013,0,1,"1,28,90,552","51,956",722,3895,"5,340","17,733","28,161","2,96,048","59,093","2,16,059","20,896"
Illinois,2014,0,1,"1,28,80,580","47,663",685,3081,"4,159","15,299","27,520","2,67,385","50,008","1,99,926","17,451"
Indiana,2001,0,0,"61,26,743","22,734",413,1716,,"7,171","13,434","2,11,548","42,758","1,47,291","21,499"
Indiana,2002,0,0,"61,56,913","22,001",362,1843,,"6,612","13,184","2,08,965","42,605","1,46,073","20,287"
Indiana,2003,0,0,"61,99,571","21,842",338,1720,,"6,401","13,383","2,08,039","41,582","1,45,686","20,771"
Indiana,2004,0,0,"62,26,537","20,294",316,1803,,"6,373","11,802","2,11,929","42,168","1,48,670","21,091"
Indiana,2005,0,0,"62,66,019","20,302",356,1856,,"6,809","11,281","2,16,778","43,756","1,51,278","21,744"
Indiana,2006,0,0,"63,13,520","20,303",361,1811,,"7,175","10,956","2,17,783","45,538","1,50,655","21,590"
Indiana,2007,0,0,"63,45,289","21,310",350,1738,,"7,845","11,377","2,13,887","46,485","1,47,999","19,403"
Indiana,2008,0,0,"63,76,792","21,525",322,1711,,"7,580","11,912","2,13,639","48,805","1,47,334","17,500"
Indiana,2009,0,0,"64,23,113","21,455",312,1621,,"7,347","12,175","1,99,907","48,880","1,37,190","13,837"
Indiana,2010,0,0,"64,90,622","20,983",268,1760,,"6,559","12,396","1,99,274","48,570","1,37,204","13,500"
Indiana,2011,0,0,"65,16,353","21,619",306,1758,,"6,977","12,578","2,06,016","50,571","1,40,630","14,815"
Indiana,2012,0,0,"65,37,782","22,544",307,1661,,"6,601","13,975","1,97,994","47,689","1,36,668","13,637"
Indiana,2013,0,0,"65,70,713","23,627",357,1623,"2,241","7,114","13,915","1,87,472","42,754","1,30,534","14,184"
Indiana,2014,0,0,"65,96,855","24,099",330,1615,"2,186","6,897","14,686","1,74,776","36,893","1,24,022","13,861"
Iowa,2001,0,0,"29,31,967","7,865",50,649,,"1,154","6,012","88,634","16,885","66,244","5,505"
Iowa,2002,0,0,"29,35,840","8,388",44,797,,"1,169","6,378","92,877","18,643","68,411","5,823"
Iowa,2003,0,0,"29,41,976","8,175",50,796,,"1,131","6,198","87,554","17,515","64,400","5,639"
Iowa,2004,0,0,"29,52,904","8,499",44,782,,"1,160","6,513","85,775","17,928","62,214","5,633"
Iowa,2005,0,0,"29,65,524","8,697",40,847,,"1,153","6,657","84,370","18,147","60,723","5,500"
Iowa,2006,0,0,"29,82,085","8,521",55,871,,"1,309","6,286","84,202","18,160","60,998","5,044"
Iowa,2007,0,0,"29,88,046","8,970",39,970,,"1,328","6,633","79,133","17,176","57,018","4,939"
Iowa,2008,0,0,"30,02,555","8,651",77,937,,"1,249","6,388","73,273","16,598","52,299","4,376"
Iowa,2009,0,0,"30,07,856","8,485",38,890,,"1,201","6,356","70,080","16,419","49,757","3,904"
Iowa,2010,0,0,"30,50,202","8,191",38,883,,"1,012","6,258","68,740","16,746","48,194","3,800"
Iowa,2011,0,0,"30,64,097","7,883",44,866,,824,"6,149","72,043","17,573","50,472","3,998"
Iowa,2012,0,0,"30,75,039","8,167",49,901,,962,"6,255","70,357","17,201","49,116","4,040"
Iowa,2013,0,0,"30,92,341","8,443",41,873,"1,133",937,"6,332","67,976","15,918","47,803","4,255"
Iowa,2014,0,0,"31,07,126","8,497",60,828,"1,128","1,045","6,264","65,056","14,428","46,477","4,151"
Kansas,2001,0,0,"27,02,125","10,909",92,945,,"2,423","7,449","1,05,537","20,514","77,038","7,985"
Kansas,2002,0,0,"27,11,769","10,229",78,1035,,"2,165","6,951","1,00,768","19,679","73,877","7,212"
Kansas,2003,0,0,"27,24,786","10,831",125,1085,,"2,247","7,374","1,09,276","21,973","79,471","7,832"
Kansas,2004,0,0,"27,33,697","10,330",122,1142,,"1,812","7,254","1,09,771","20,146","81,115","8,510"
Kansas,2005,0,0,"27,48,172","10,701",101,1098,,"1,795","7,707","1,04,588","19,028","76,222","9,338"
Kansas,2006,0,0,"27,64,075","11,960",125,1279,,"1,878","8,678","1,04,260","20,086","75,450","8,724"
Kansas,2007,0,0,"27,75,997","12,730",106,1287,,"2,022","9,315","1,02,961","20,461","73,900","8,600"
Kansas,2008,0,0,"28,02,134","11,554",113,1226,,"1,681","8,534","94,882","19,651","67,826","7,405"
Kansas,2009,0,0,"28,18,747","11,460",125,1179,,"1,786","8,370","90,930","19,473","65,499","5,958"
Kansas,2010,0,0,"28,59,143","10,602",97,1146,,"1,538","7,821","89,109","19,315","63,774","6,020"
Kansas,2011,0,0,"28,70,386","10,209",111,1122,,"1,448","7,528","88,655","18,712","63,259","6,684"
Kansas,2012,0,0,"28,85,398","10,292",85,1105,,"1,493","7,609","91,066","18,874","65,413","6,779"
Kansas,2013,0,0,"28,95,801","9,928",117,1003,"1,295","1,339","7,177","85,704","17,476","61,557","6,671"
Kansas,2014,0,0,"29,04,021","10,123",91,1075,"1,411","1,362","7,259","79,431","15,828","56,697","6,906"
Kentucky,2001,0,1,"40,68,816","10,510",181,1051,,"3,269","6,009","1,07,356","26,964","71,448","8,944"
Kentucky,2002,0,1,"40,89,822","11,101",191,1087,,"3,131","6,692","1,08,590","26,891","72,378","9,321"
Kentucky,2003,0,1,"41,18,189","10,232",181,1124,,"3,224","5,703","1,03,370","26,034","69,083","8,253"
Kentucky,2004,0,0,"41,41,835","10,152",236,1238,,"3,268","5,410","1,05,209","25,902","70,535","8,772"
Kentucky,2005,0,0,"41,72,608","11,134",190,1421,,"3,690","5,833","1,05,608","26,458","70,354","8,796"
Kentucky,2006,0,0,"42,06,074","11,361",173,1312,,"3,850","6,026","1,09,428","27,867","72,197","9,364"
Kentucky,2007,0,0,"42,41,474","12,329",206,1365,,"4,068","6,690","1,07,987","27,820","71,489","8,678"
Kentucky,2008,0,0,"42,69,245","12,690",201,1457,,"4,080","6,952","1,14,492","29,556","77,279","7,657"
Kentucky,2009,0,0,"43,14,113","11,000",184,1531,,"3,642","5,643","1,08,914","29,880","72,938","6,096"
Kentucky,2010,0,0,"43,47,223","10,604",188,1438,,"3,748","5,230","1,11,170","30,443","74,488","6,239"
Kentucky,2011,0,0,"43,66,814","10,465",151,1499,,"3,705","5,110","1,19,037","32,750","79,586","6,701"
Kentucky,2012,0,0,"43,79,730","9,852",201,1312,,"3,547","4,792","1,12,800","29,877","76,199","6,724"
Kentucky,2013,0,0,"43,99,583","9,280",172,951,"1,646","3,247","4,215","1,04,448","26,331","72,048","6,069"
Kentucky,2014,0,0,"44,13,457","9,340",160,883,"1,440","3,336","4,404","99,166","23,244","69,604","6,318"
Louisiana,2001,0,0,"44,70,368","30,678",501,1403,,"7,864","20,910","2,07,693","46,451","1,39,555","21,687"
Louisiana,2002,0,0,"44,76,192","29,690",593,1529,,"7,123","20,445","1,98,838","45,350","1,33,302","20,186"
Louisiana,2003,0,0,"44,93,665","28,622",584,1601,,"7,008","19,429","1,93,698","44,572","1,29,471","19,655"
Louisiana,2004,0,0,"45,06,685","28,844",574,1616,,"6,564","20,090","1,99,153","45,359","1,34,080","19,714"
Louisiana,2005,0,0,"45,07,331","26,889",450,1421,,"5,337","19,681","1,66,611","39,382","1,12,840","14,389"
Louisiana,2006,0,0,"42,87,768","30,923",555,1587,,"5,928","22,853","1,74,975","46,703","1,12,605","15,667"
Louisiana,2007,0,0,"42,93,204","31,789",625,1427,,"6,316","23,421","1,80,516","46,932","1,18,291","15,293"
Louisiana,2008,0,0,"44,10,796","29,613",544,1250,,"6,241","21,578","1,71,179","45,524","1,12,091","13,564"
Louisiana,2009,0,0,"44,92,076","28,878",529,1351,,"6,150","20,848","1,72,619","46,928","1,14,102","11,589"
Louisiana,2010,0,0,"45,45,343","25,241",500,1230,,"5,297","18,214","1,65,667","45,437","1,10,260","9,970"
Louisiana,2011,0,0,"45,74,766","25,373",506,1262,,"5,235","18,370","1,68,529","46,242","1,13,174","9,113"
Louisiana,2012,0,0,"46,02,134","22,839",489,1155,,"5,458","15,737","1,62,673","42,037","1,12,764","7,872"
Louisiana,2013,0,0,"46,29,284","24,127",494,1248,"1,763","5,539","16,331","1,65,679","41,214","1,15,300","9,165"
Louisiana,2014,0,0,"46,49,676","23,934",477,992,"1,375","5,695","16,387","1,60,824","38,337","1,12,596","9,891"
Maine,2001,0,0,"12,84,470","1,435",19,326,,264,826,"33,154","6,898","24,585","1,671"
Maine,2002,0,0,"12,94,894","1,396",14,377,,270,735,"32,985","6,965","24,591","1,429"
Maine,2003,0,0,"13,09,205","1,422",16,354,,289,763,"32,078","6,579","24,043","1,456"
Maine,2004,0,0,"13,14,985","1,364",18,315,,289,742,"31,740","6,341","24,096","1,303"
Maine,2005,0,0,"13,18,220","1,483",19,326,,323,815,"31,889","6,323","24,218","1,348"
Maine,2006,0,0,"13,21,574","1,533",23,341,,383,786,"33,658","6,846","25,465","1,347"
Maine,2007,0,0,"13,17,207","1,565",20,392,,349,804,"32,249","6,745","24,228","1,276"
Maine,2008,0,0,"13,16,456","1,572",31,379,,333,829,"32,433","6,559","24,695","1,179"
Maine,2009,0,0,"13,18,301","1,580",26,375,,399,780,"31,706","6,729","23,955","1,022"
Maine,2010,0,0,"13,27,379","1,621",24,389,,412,796,"32,900","7,364","24,547",989
Maine,2011,0,0,"13,28,544","1,638",26,394,,370,848,"33,829","7,865","24,886","1,078"
Maine,2012,0,0,"13,28,501","1,626",26,372,,420,808,"33,398","7,476","24,931",991
Maine,2013,0,0,"13,28,702","1,761",24,366,495,335,907,"30,454","6,480","23,063",911
Maine,2014,0,0,"13,30,089","1,700",21,360,485,304,890,"26,421","5,030","20,592",799
Maryland,2001,0,0,"53,86,079","42,088",446,1449,,"13,525","26,668","2,19,512","41,553","1,45,934","32,025"
Maryland,2002,0,0,"54,50,525","42,015",513,1370,,"13,417","26,715","2,17,105","39,765","1,43,320","34,020"
Maryland,2003,0,0,"55,12,310","38,778",525,1358,,"13,302","23,593","2,09,418","38,641","1,34,372","36,405"
Maryland,2004,0,0,"55,61,332","38,961",521,1317,,"12,772","24,351","2,02,474","36,704","1,29,888","35,882"
Maryland,2005,0,0,"55,89,599","39,369",552,1266,,"14,378","23,173","1,98,483","35,922","1,28,491","34,070"
Maryland,2006,0,0,"56,15,727","38,111",546,1178,,"14,376","22,011","1,95,484","37,459","1,27,502","30,523"
Maryland,2007,0,0,"56,18,344","36,063",554,1179,,"13,258","21,072","1,92,796","37,095","1,27,308","28,393"
Maryland,2008,0,0,"56,33,597","35,393",493,1127,,"13,203","20,570","1,98,165","38,849","1,33,983","25,333"
Maryland,2009,0,0,"56,99,478","33,625",440,1156,,"12,007","20,022","1,82,295","36,905","1,25,771","19,619"
Maryland,2010,0,0,"57,85,681","31,607",426,1228,,"11,054","18,899","1,73,309","36,704","1,18,578","18,027"
Maryland,2011,0,0,"58,39,572","28,817",399,1200,,"10,342","16,876","1,66,846","35,823","1,14,951","16,072"
Maryland,2012,0,0,"58,84,868","28,086",373,1237,,"10,173","16,303","1,62,309","33,803","1,13,550","14,956"
Maryland,2013,0,0,"59,38,737","28,235",384,1179,"1,679","10,048","16,124","1,57,918","31,950","1,12,551","13,417"
Maryland,2014,0,0,"59,76,407","26,661",365,1144,"1,619","9,544","15,133","1,49,859","28,012","1,08,745","13,102"
Massachusetts,2001,0,0,"64,01,164","30,585",143,1856,,"6,476","22,110","1,67,079","32,430","1,06,821","27,828"
Massachusetts,2002,0,0,"64,21,800","31,137",173,1777,,"7,169","22,018","1,67,753","33,243","1,07,922","26,588"
Massachusetts,2003,0,0,"64,20,357","30,377",140,1848,,"8,011","20,378","1,64,543","34,963","1,04,069","25,511"
Massachusetts,2004,0,0,"64,07,382","29,489",171,1794,,"7,484","20,040","1,58,150","34,497","1,01,605","22,048"
Massachusetts,2005,0,0,"64,33,367","29,644",178,1751,,"7,837","19,878","1,51,727","34,728","98,079","18,920"
Massachusetts,2006,0,0,"64,37,193","32,217",188,1771,,"8,080","22,178","1,53,943","35,243","1,00,725","17,975"
Massachusetts,2007,0,0,"64,49,755","28,487",187,1643,,"7,021","19,636","1,54,743","35,767","1,03,925","15,051"
Massachusetts,2008,0,0,"64,97,967","30,137",166,1751,,"7,077","21,143","1,55,919","36,251","1,06,913","12,755"
Massachusetts,2009,0,0,"65,93,587","30,503",173,1734,,"7,467","21,129","1,53,178","34,515","1,06,799","11,864"
Massachusetts,2010,0,0,"65,55,466","30,737",214,1784,,"6,897","21,842","1,54,496","37,903","1,05,124","11,469"
Massachusetts,2011,0,0,"66,07,003","28,232",184,1654,,"6,768","19,626","1,48,829","36,403","1,01,644","10,782"
Massachusetts,2012,0,0,"66,45,303","27,047",121,1650,,"6,555","18,721","1,43,325","34,635","99,453","9,237"
Massachusetts,2013,0,0,"67,08,874","27,264",138,1722,"2,303","6,705","18,118","1,37,274","30,716","97,437","9,121"
Massachusetts,2014,0,0,"67,45,408","26,399",132,1629,"2,180","6,036","18,051","1,25,267","24,964","92,043","8,260"
Michigan,2001,0,0,"1,00,06,266","55,424",672,5264,,"12,937","36,551","3,52,353","72,038","2,26,708","53,607"
Michigan,2002,0,0,"1,00,43,221","54,306",678,5364,,"11,847","36,417","3,35,060","70,970","2,14,367","49,723"
Michigan,2003,0,0,"1,00,82,364","51,550",612,5470,,"11,254","34,214","3,30,565","68,316","2,08,538","53,711"
Michigan,2004,0,0,"1,01,04,206","49,737",643,5482,,"11,336","32,276","3,09,805","64,233","1,94,988","50,584"
Michigan,2005,0,0,"1,01,00,833","55,936",629,5199,,"13,348","36,760","3,12,892","70,527","1,94,090","48,275"
Michigan,2006,0,0,"1,00,95,643","56,981",721,5347,,"14,229","36,684","3,25,594","76,313","1,99,183","50,098"
Michigan,2007,0,0,"1,00,71,822","53,765",661,4592,,"13,365","35,147","3,08,550","75,273","1,91,289","41,988"
Michigan,2008,0,0,"1,00,03,422","51,512",554,4507,,"13,246","33,205","2,95,100","74,787","1,84,558","35,755"
Michigan,2009,0,0,"99,69,727","49,825",623,4524,,"12,427","32,251","2,84,019","76,046","1,78,628","29,345"
Michigan,2010,0,0,"98,77,143","48,693",580,4733,,"11,522","31,858","2,71,501","74,345","1,69,748","27,408"
Michigan,2011,0,0,"98,76,801","43,731",617,4344,,"10,263","28,507","2,51,329","69,755","1,56,666","24,908"
Michigan,2012,0,0,"98,82,519","44,962",701,4635,,"10,423","29,203","2,49,249","65,560","1,58,609","25,080"
Michigan,2013,0,0,"98,98,193","44,757",625,4506,"6,785","10,093","27,254","2,30,135","56,256","1,49,794","24,085"
Michigan,2014,0,0,"99,09,877","42,348",535,4049,"6,273","8,021","27,519","2,02,547","44,184","1,37,206","21,157"
Minnesota,2001,0,0,"49,84,535","13,145",119,2236,,"3,758","7,032","1,65,046","25,496","1,24,519","15,031"
Minnesota,2002,0,0,"50,24,791","13,428",112,2273,,"3,937","7,106","1,64,026","28,034","1,22,150","13,842"
Minnesota,2003,0,0,"50,64,172","13,316",127,2092,,"3,906","7,191","1,57,663","27,698","1,16,216","13,749"
Minnesota,2004,0,0,"50,96,546","13,751",113,2123,,"4,070","7,445","1,55,019","28,048","1,13,453","13,518"
Minnesota,2005,0,0,"51,26,739","15,243",115,2258,,"4,724","8,146","1,58,301","29,716","1,14,304","14,281"
Minnesota,2006,0,0,"51,67,101","16,042",126,1645,,"5,441","8,830","1,59,276","30,306","1,15,693","13,277"
Minnesota,2007,0,0,"51,97,621","15,054",116,1873,,"4,770","8,295","1,58,257","29,717","1,15,892","12,648"
Minnesota,2008,0,0,"52,20,393","13,853",110,1805,,"4,179","7,759","1,49,517","26,558","1,12,764","10,195"
Minnesota,2009,0,0,"52,66,214","12,874",74,1789,,"3,619","7,392","1,39,286","25,580","1,05,160","8,546"
Minnesota,2010,0,0,"53,10,658","12,515",96,1798,,"3,388","7,233","1,36,431","24,415","1,03,429","8,587"
Minnesota,2011,0,0,"53,47,299","12,323",75,2113,,"3,385","6,750","1,36,183","25,681","1,02,354","8,148"
Minnesota,2012,0,0,"53,79,646","12,419",99,1638,,"3,475","7,207","1,38,152","25,378","1,04,316","8,458"
Minnesota,2013,0,0,"54,22,060","12,710",114,1453,"2,014","3,674","6,908","1,31,193","22,713","1,00,514","7,966"
Minnesota,2014,0,0,"54,57,173","12,505",88,1452,"2,001","3,687","6,729","1,25,377","20,773","96,237","8,367"
Mississippi,2001,0,0,"28,59,733","10,006",282,1147,,"3,294","5,283","1,09,609","29,821","70,315","9,473"
Mississippi,2002,0,0,"28,66,733","9,858",264,1127,,"3,356","5,111","1,09,584","29,593","70,468","9,523"
Mississippi,2003,0,0,"28,82,594","9,336",267,1079,,"3,016","4,974","1,06,867","29,564","68,307","8,996"
Mississippi,2004,0,0,"29,00,768","8,568",227,1161,,"2,503","4,677","1,00,980","27,661","65,440","7,879"
Mississippi,2005,0,0,"29,08,496","8,131",214,1147,,"2,405","4,365","95,231","26,866","60,873","7,492"
Mississippi,2006,0,0,"29,10,540","9,076",231,1039,,"3,259","4,547","92,853","27,117","57,406","8,330"
Mississippi,2007,0,0,"29,18,785","8,502",202,1033,,"2,896","4,371","90,887","27,223","56,473","7,191"
Mississippi,2008,0,0,"29,38,618","8,942",236,958,,"3,079","4,669","85,488","25,506","53,730","6,252"
Mississippi,2009,0,0,"29,51,996","8,451",194,991,,"2,969","4,297","87,327","29,559","52,329","5,439"
Mississippi,2010,0,0,"29,70,072","7,999",204,931,,"2,777","4,087","88,596","30,453","52,784","5,359"
Mississippi,2011,0,0,"29,77,457","8,009",232,863,,"2,496","4,418","89,809","30,722","54,179","4,908"
Mississippi,2012,0,0,"29,86,450","7,769",213,819,,"2,277","4,460","83,933","28,084","51,520","4,329"
Mississippi,2013,0,0,"29,92,206","8,303",217,726,"1,024","2,413","4,649","81,548","24,969","52,192","4,387"
Mississippi,2014,0,0,"29,94,079","8,338",258,764,"1,058","2,430","4,592","87,462","24,352","58,591","4,519"
Missouri,2001,0,0,"56,37,309","30,472",372,1383,,"7,771","20,946","2,38,411","42,977","1,67,420","28,014"
Missouri,2002,0,0,"56,69,544","30,557",331,1465,,"7,024","21,737","2,30,520","42,721","1,59,921","27,878"
Missouri,2003,0,0,"57,19,204","28,067",289,1400,,"6,686","19,692","2,33,564","41,997","1,61,616","29,951"
Missouri,2004,0,0,"57,59,532","28,226",354,1479,,"6,630","19,763","2,24,629","40,472","1,58,264","25,893"
Missouri,2005,0,0,"57,97,703","30,477",402,1625,,"7,196","21,254","2,27,809","42,822","1,59,288","25,699"
Missouri,2006,0,0,"58,42,713","31,897",369,1764,,"7,597","22,167","2,24,007","44,734","1,53,874","25,399"
Missouri,2007,0,0,"58,78,415","32,962",367,1785,,"7,728","23,082","2,25,113","44,897","1,56,319","23,897"
Missouri,2008,0,0,"59,11,605","29,701",456,1612,,"7,395","20,238","2,16,522","45,763","1,50,002","20,757"
Missouri,2009,0,0,"59,87,580","29,513",387,1606,,"7,437","20,083","2,01,783","43,591","1,40,764","17,428"
Missouri,2010,0,0,"59,95,715","27,440",420,1445,,"6,185","19,390","2,00,858","44,197","1,40,526","16,135"
Missouri,2011,0,0,"60,08,984","26,888",366,1469,,"6,275","18,778","1,99,085","44,875","1,38,879","15,331"
Missouri,2012,0,0,"60,24,522","27,189",390,1527,,"5,782","19,490","1,99,813","42,510","1,40,971","16,332"
Missouri,2013,0,0,"60,44,917","26,216",369,1679,"2,305","5,486","18,056","1,89,655","38,797","1,34,514","16,344"
Missouri,2014,0,0,"60,63,589","26,856",403,1706,"2,379","5,592","18,482","1,76,237","35,258","1,24,622","16,357"
Montana,2001,0,0,"9,05,382","3,187",34,188,,230,"2,735","30,175","3,670","24,684","1,821"
Montana,2002,0,0,"9,10,372","3,197",16,237,,283,"2,661","28,751","3,289","23,679","1,783"
Montana,2003,0,0,"9,18,157","3,351",30,246,,298,"2,777","28,428","3,722","22,800","1,906"
Montana,2004,0,0,"9,26,920","2,723",30,273,,233,"2,187","27,215","3,515","22,082","1,618"
Montana,2005,0,0,"9,34,737","2,634",18,301,,177,"2,138","29,407","3,642","23,794","1,971"
Montana,2006,0,0,"9,44,632","3,564",33,348,,233,"2,950","26,986","3,380","21,659","1,947"
Montana,2007,0,0,"9,57,861","3,638",27,363,,233,"3,015","27,837","3,476","22,315","2,046"
Montana,2008,0,0,"9,67,440","3,013",40,358,,204,"2,411","26,300","3,689","20,834","1,777"
Montana,2009,0,0,"9,74,989","2,798",32,357,,228,"2,181","24,826","3,686","19,528","1,612"
Montana,2010,0,0,"9,90,958","2,733",25,332,,154,"2,222","25,409","3,692","20,166","1,551"
Montana,2011,1,0,"9,97,667","2,755",29,366,,171,"2,189","23,885","3,347","19,089","1,449"
Montana,2012,0,0,"10,05,494","2,803",29,392,,202,"2,180","26,102","3,920","20,484","1,698"
Montana,2013,0,0,"10,14,864","2,924",23,382,467,217,"2,217","26,195","4,122","20,192","1,881"
Montana,2014,0,0,"10,23,579","3,313",37,430,541,203,"2,532","25,312","3,595","19,674","2,043"
Nebraska,2001,0,0,"17,20,039","5,214",43,431,,"1,128","3,612","68,963","9,760","52,713","6,490"
Nebraska,2002,0,0,"17,27,564","5,428",48,464,,"1,359","3,557","68,178","10,329","51,440","6,409"
Nebraska,2003,0,0,"17,37,475","5,105",56,504,,"1,165","3,380","65,189","10,133","48,924","6,132"
Nebraska,2004,0,0,"17,47,704","5,393",40,620,,"1,138","3,595","61,512","9,826","46,399","5,287"
Nebraska,2005,0,0,"17,58,163","5,052",44,581,,"1,040","3,387","60,348","9,408","45,359","5,581"
Nebraska,2006,0,0,"17,68,331","5,197",51,577,,"1,136","3,433","59,411","9,535","44,710","5,166"
Nebraska,2007,0,0,"17,74,571","5,524",71,550,,"1,115","3,788","55,765","9,035","41,484","5,246"
Nebraska,2008,0,0,"17,83,432","5,570",69,601,,"1,297","3,603","51,350","8,731","38,394","4,225"
Nebraska,2009,0,0,"17,96,619","5,199",41,617,,"1,220","3,321","49,731","8,726","37,496","3,509"
Nebraska,2010,0,0,"18,30,141","5,093",54,674,,"1,020","3,345","48,827","8,318","36,896","3,613"
Nebraska,2011,0,0,"18,42,234","4,672",68,699,,993,"2,912","50,894","8,725","38,060","4,109"
Nebraska,2012,0,0,"18,55,350","4,802",52,710,,"1,128","2,912","51,203","8,745","38,301","4,157"
Nebraska,2013,0,0,"18,68,969","4,949",56,621,847,"1,035","3,011","49,197","8,945","35,791","4,461"
Nebraska,2014,0,0,"18,81,503","5,275",54,620,862,"1,043","3,316","47,479","7,950","35,074","4,455"
Nevada,2001,0,0,"20,97,722","12,359",180,883,,"4,932","6,364","77,486","17,711","45,073","14,702"
Nevada,2002,0,0,"21,67,455","13,856",181,928,,"5,118","7,629","83,896","18,951","47,459","17,486"
Nevada,2003,0,0,"22,42,207","13,813",197,871,,"5,225","7,520","96,128","21,958","53,321","20,849"
Nevada,2004,0,0,"23,32,898","14,379",172,954,,"4,905","8,348","98,215","23,142","52,438","22,635"
Nevada,2005,0,0,"24,12,301","14,654",206,1016,,"4,702","8,730","1,02,424","23,481","52,012","26,931"
Nevada,2006,0,0,"24,95,529","18,687",226,1092,,"7,038","10,331","1,02,338","24,902","50,429","27,007"
Nevada,2007,0,0,"25,65,382","19,365",193,1096,,"6,938","11,138","97,118","24,911","49,844","22,363"
Nevada,2008,0,0,"26,00,167","18,973",165,1106,,"6,486","11,216","90,006","24,254","49,814","15,938"
Nevada,2009,0,0,"26,43,085","18,639",156,1024,,"6,028","11,431","80,976","22,115","46,463","12,398"
Nevada,2010,0,0,"27,04,283","17,929",158,965,,"5,298","11,508","75,004","22,286","42,533","10,185"
Nevada,2011,0,0,"27,20,028","15,452",139,913,,"4,308","10,092","70,075","20,342","40,156","9,577"
Nevada,2012,0,0,"27,54,354","16,763",124,931,,"4,918","10,790","77,510","22,120","45,372","10,018"
Nevada,2013,0,0,"27,91,494","16,888",163,1090,"1,482","5,183","10,060","79,177","23,047","46,132","9,998"
Nevada,2014,0,0,"28,39,099","18,045",170,995,"1,357","5,954","10,564","74,538","21,927","42,426","10,185"
New Hampshire,2001,0,0,"12,59,359","2,144",17,458,,445,"1,224","27,089","4,889","20,060","2,140"
New Hampshire,2002,0,0,"12,74,405","2,056",12,446,,413,"1,185","26,250","4,838","19,468","1,944"
New Hampshire,2003,0,0,"12,88,705","1,937",17,438,,480,"1,002","26,456","4,589","19,934","1,933"
New Hampshire,2004,0,0,"12,99,169","2,202",17,466,,500,"1,219","26,658","4,979","19,723","1,956"
New Hampshire,2005,0,0,"13,06,819","1,761",19,406,,365,971,"24,031","4,192","18,493","1,346"
New Hampshire,2006,0,0,"13,14,895","1,785",13,295,,435,"1,042","26,060","4,395","20,179","1,486"
New Hampshire,2007,0,0,"13,15,828","1,896",12,357,,451,"1,076","26,394","5,074","19,909","1,411"
New Hampshire,2008,0,0,"13,15,809","2,054",14,385,,421,"1,234","28,387","4,266","22,714","1,407"
New Hampshire,2009,0,0,"13,24,575","2,125",11,399,,454,"1,261","28,790","4,915","22,748","1,127"
New Hampshire,2010,0,0,"13,16,807","2,204",13,411,,450,"1,330","29,230","5,444","22,789",997
New Hampshire,2011,0,0,"13,17,807","2,864",16,581,,509,"1,758","32,756","6,244","25,398","1,114"
New Hampshire,2012,0,0,"13,21,617","2,841",15,486,,471,"1,869","32,074","5,988","25,024","1,062"
New Hampshire,2013,0,0,"13,22,616","2,952",21,522,778,647,"1,506","29,278","4,979","23,355",944
New Hampshire,2014,0,0,"13,26,813","2,602",12,458,594,537,"1,459","26,041","4,162","21,022",857
New Jersey,2001,0,0,"85,11,116","33,094",336,1278,,"14,110","17,370","2,40,551","46,812","1,56,031","37,708"
New Jersey,2002,0,0,"85,75,252","32,252",339,1365,,"13,955","16,593","2,27,715","43,899","1,48,061","35,755"
New Jersey,2003,0,0,"86,42,412","31,488",406,1288,,"13,342","16,452","2,20,350","43,457","1,42,287","34,606"
New Jersey,2004,0,0,"86,85,166","30,943",392,1331,,"13,076","16,144","2,11,313","41,030","1,39,977","30,306"
New Jersey,2005,0,0,"87,03,150","30,919",417,1208,,"13,215","16,079","2,03,391","38,980","1,36,728","27,683"
New Jersey,2006,0,0,"87,24,560","30,550",427,1201,,"13,360","15,562","1,98,820","39,384","1,34,687","24,749"
New Jersey,2007,0,0,"86,85,920","28,544",381,1032,,"12,567","14,564","1,92,338","37,234","1,33,145","21,959"
New Jersey,2008,0,0,"86,82,661","28,351",376,1122,,"12,701","14,152","1,99,127","40,402","1,38,545","20,180"
New Jersey,2009,0,0,"87,07,739","27,113",319,1041,,"11,639","14,114","1,80,752","36,945","1,28,303","15,504"
New Jersey,2010,0,0,"87,99,593","27,055",371,981,,"11,818","13,885","1,83,042","38,732","1,28,754","15,556"
New Jersey,2011,0,0,"88,34,773","27,203",380,1006,,"12,209","13,608","1,89,719","43,238","1,29,066","17,415"
New Jersey,2012,0,0,"88,67,749","25,727",388,1035,,"11,385","12,919","1,81,481","42,338","1,22,662","16,481"
New Jersey,2013,0,0,"89,11,502","25,748",404,861,"1,189","12,084","12,071","1,67,634","35,883","1,18,005","13,746"
New Jersey,2014,0,0,"89,38,175","23,346",349,953,"1,274","10,498","11,225","1,54,993","31,710","1,11,578","11,705"
New Mexico,2001,0,0,"18,30,935","14,288",99,850,,"2,695","10,644","83,095","19,552","56,406","7,137"
New Mexico,2002,0,0,"18,52,044","13,719",152,1027,,"2,206","10,334","80,477","19,634","53,406","7,437"
New Mexico,2003,0,0,"18,78,562","12,535",116,940,,"1,937","9,542","76,816","18,997","50,595","7,224"
New Mexico,2004,0,0,"19,03,006","13,081",169,1039,,"2,062","9,811","79,895","19,924","52,069","7,902"
New Mexico,2005,0,0,"19,25,985","12,448",144,1041,,"1,893","9,370","79,575","20,939","50,707","7,929"
New Mexico,2006,0,0,"19,54,599","12,797",134,1073,,"2,095","9,495","76,000","20,906","45,864","9,230"
New Mexico,2007,0,0,"19,69,915","13,311",183,1028,,"2,323","9,777","75,168","20,823","45,442","8,903"
New Mexico,2008,0,0,"19,84,356","12,967",161,1118,,"2,151","9,537","75,718","20,706","46,995","8,017"
New Mexico,2009,0,0,"20,09,671","12,709",198,1069,,"1,932","9,510","74,639","21,955","46,182","6,502"
New Mexico,2010,0,0,"20,65,913","12,147",140,959,,"1,616","9,432","70,776","21,023","44,503","5,250"
New Mexico,2011,0,0,"20,78,674","11,904",158,856,,"1,720","9,170","73,549","21,419","46,730","5,400"
New Mexico,2012,0,0,"20,83,540","11,660",116,957,,"1,847","8,740","75,094","21,384","48,247","5,463"
New Mexico,2013,0,0,"20,86,895","12,990",123,1135,"1,565","1,832","9,470","78,958","21,828","51,146","5,984"
New Mexico,2014,0,0,"20,85,572","12,459",101,1071,"1,475","2,086","8,797","73,877","18,505","49,082","6,290"
New York,2001,0,0,"1,90,84,350","98,022",960,3546,,"36,555","56,961","4,58,003","80,400","3,29,316","48,287"
New York,2002,0,0,"1,91,34,293","95,030",909,3885,,"36,653","53,583","4,42,091","76,700","3,18,025","47,366"
New York,2003,0,0,"1,92,12,425","89,486",934,3775,,"35,790","48,987","4,32,079","75,453","3,11,422","45,204"
New York,2004,0,0,"1,92,80,727","84,914",889,3608,,"33,506","46,911","4,22,734","70,696","3,11,036","41,002"
New York,2005,0,0,"1,93,15,721","85,839",874,3636,,"35,179","46,150","4,05,990","68,034","3,02,220","35,736"
New York,2006,0,0,"1,93,06,183","84,016",922,3168,,"34,459","45,467","3,98,577","68,617","2,97,827","32,133"
New York,2007,0,0,"1,92,97,729","79,962",805,2928,,"31,085","45,144","3,83,624","64,914","2,90,681","28,029"
New York,2008,0,0,"1,94,90,297","77,546",836,2798,,"31,787","42,125","3,88,599","65,544","2,97,962","25,093"
New York,2009,0,0,"1,95,41,453","75,110",781,2582,,"28,141","43,606","3,77,537","62,769","2,92,897","21,871"
New York,2010,0,0,"1,93,95,206","76,492",868,2797,,"28,630","44,197","3,79,710","65,839","2,93,232","20,639"
New York,2011,0,0,"1,95,01,616","77,463",769,2751,,"28,405","45,538","3,71,837","65,227","2,87,361","19,249"
New York,2012,1,0,"1,95,76,125","79,535",683,2837,,"28,633","47,382","3,75,268","64,389","2,93,562","17,317"
New York,2013,0,0,"1,96,95,680","77,563",644,2575,"3,548","27,241","46,130","3,58,603","56,444","2,86,676","15,483"
New York,2014,0,0,"1,97,46,227","75,398",617,3918,"5,433","24,045","45,303","3,39,282","50,781","2,72,765","15,736"
North Carolina,2001,0,0,"82,06,105","40,465",505,2083,,"13,304","24,573","3,63,777","1,01,889","2,37,241","24,647"
North Carolina,2002,0,0,"83,05,820","39,118",548,2196,,"12,205","24,169","3,53,708","99,535","2,29,307","24,866"
North Carolina,2003,0,0,"84,21,190","38,243",506,2139,,"12,229","23,369","3,59,660","1,00,687","2,32,081","26,892"
North Carolina,2004,0,0,"85,40,468","38,244",532,2339,,"11,782","23,591","3,55,328","1,01,193","2,27,147","26,988"
North Carolina,2005,0,0,"86,72,459","40,650",585,2302,,"12,635","25,128","3,53,855","1,04,298","2,21,091","28,466"
North Carolina,2006,0,0,"88,56,505","42,088",539,2495,,"13,468","25,586","3,64,549","1,07,333","2,27,114","30,102"
North Carolina,2007,0,0,"90,61,032","42,231",584,2386,,"13,534","25,727","3,69,893","1,08,700","2,33,241","27,952"
North Carolina,2008,0,0,"92,22,414","43,125",599,2296,,"14,323","25,907","3,72,763","1,11,556","2,34,480","26,727"
North Carolina,2009,0,0,"93,80,884","37,946",489,2306,,"11,825","23,326","3,43,707","1,07,830","2,15,923","19,954"
North Carolina,2010,0,0,"95,60,234","34,679",474,2002,,"9,620","22,583","3,29,202","1,02,826","2,08,057","18,319"
North Carolina,2011,0,0,"96,51,103","33,421",498,1959,,"9,448","21,516","3,37,806","1,05,534","2,15,453","16,819"
North Carolina,2012,0,0,"97,48,364","34,464",479,1984,,"9,392","22,609","3,28,594","99,323","2,13,151","16,120"
North Carolina,2013,0,0,"98,48,917","33,587",463,1790,"2,524","9,275","21,325","3,05,631","90,182","2,01,043","14,406"
North Carolina,2014,0,0,"99,43,964","32,767",510,1740,"2,420","8,416","21,421","2,85,697","79,373","1,92,694","13,630"
North Dakota,2001,0,0,"6,36,550",505,7,164,,60,274,"14,834","2,165","11,583","1,086"
North Dakota,2002,0,0,"6,33,911",496,5,163,,58,270,"14,762","2,243","11,501","1,018"
North Dakota,2003,0,0,"6,33,400",508,9,160,,53,286,"13,364","1,959","10,327","1,078"
North Dakota,2004,0,0,"6,36,308",558,8,177,,43,330,"12,493","2,040","9,516",937
North Dakota,2005,0,0,"6,34,605",706,12,180,,54,460,"12,848","2,043","9,732","1,073"
North Dakota,2006,0,0,"6,35,867","1,255",14,241,,75,925,"13,359","2,601","9,672","1,086"
North Dakota,2007,0,0,"6,39,715","1,343",17,252,,75,999,"12,796","2,314","9,500",982
North Dakota,2008,0,0,"6,41,481","1,441",11,331,,73,"1,026","13,029","2,336","9,782",911
North Dakota,2009,0,0,"6,46,844","1,723",12,296,,107,"1,308","12,813","2,426","9,474",913
North Dakota,2010,0,0,"6,74,629","1,548",10,245,,90,"1,203","12,010","2,000","9,137",873
North Dakota,2011,0,0,"6,84,740","1,699",24,266,,91,"1,318","13,334","2,458","9,891",985
North Dakota,2012,0,0,"7,01,345","1,723",25,279,,127,"1,292","14,297","2,429","10,687","1,181"
North Dakota,2013,0,0,"7,23,857","1,979",16,288,355,161,"1,447","15,356","2,979","10,942","1,435"
North Dakota,2014,0,0,"7,39,482","1,960",22,276,358,173,"1,407","15,605","2,707","11,384","1,514"
Ohio,2001,0,0,"1,13,89,785","40,023",452,4466,,"17,199","17,906","4,35,115","96,910","2,95,976","42,229"
Ohio,2002,0,0,"1,14,08,699","40,128",526,4809,,"17,871","16,922","4,28,976","99,164","2,87,045","42,767"
Ohio,2003,0,0,"1,14,37,680","38,185",526,4660,,"16,895","16,104","4,17,483","95,083","2,81,383","41,017"
Ohio,2004,0,0,"1,14,50,143","38,787",506,4744,,"17,429","16,108","4,19,337","96,518","2,82,168","40,651"
Ohio,2005,0,0,"1,14,70,685","40,162",590,4671,,"18,673","16,228","4,20,705","1,00,183","2,79,051","41,471"
Ohio,2006,0,0,"1,14,78,006","41,491",560,4770,,"19,418","16,743","4,23,334","1,05,639","2,79,718","37,977"
Ohio,2007,0,0,"1,14,66,917","40,759",529,4661,,"18,351","17,218","3,97,681","99,049","2,64,677","33,955"
Ohio,2008,0,0,"1,14,85,910","40,436",547,4531,,"18,706","16,652","3,91,667","1,02,428","2,60,788","28,451"
Ohio,2009,0,0,"1,15,42,645","38,305",527,4119,,"17,670","15,989","3,76,446","1,04,009","2,49,777","22,660"
Ohio,2010,0,0,"1,15,37,968","36,306",479,3730,,"16,486","15,611","3,76,836","1,07,125","2,48,581","21,130"
Ohio,2011,0,0,"1,15,41,007","35,218",500,3679,,"15,991","15,048","3,80,572","1,12,901","2,46,744","20,927"
Ohio,2012,0,0,"1,15,53,031","34,827",478,3813,,"15,396","15,140","3,70,435","1,05,312","2,45,372","19,751"
Ohio,2013,0,0,"1,15,72,005","33,722",478,3594,"4,391","14,483","14,370","3,38,414","91,090","2,27,799","19,525"
Ohio,2014,0,0,"1,15,94,163","33,030",464,4097,"5,042","12,753","14,771","3,24,528","78,845","2,27,668","18,015"
Oklahoma,2001,0,0,"34,69,577","17,726",185,1486,,"2,746","13,309","1,41,679","34,573","94,537","12,569"
Oklahoma,2002,0,0,"34,89,700","17,587",163,1573,,"2,966","12,885","1,48,128","35,171","1,00,185","12,772"
Oklahoma,2003,0,0,"35,06,469","17,758",206,1501,,"3,224","12,827","1,51,208","34,846","1,03,404","12,958"
Oklahoma,2004,0,0,"35,23,546","17,635",186,1557,,"3,090","12,802","1,49,472","35,244","1,01,271","12,957"
Oklahoma,2005,0,0,"35,43,442","18,044",187,1481,,"3,230","13,146","1,43,406","35,692","93,814","13,900"
Oklahoma,2006,0,0,"35,79,212","17,905",210,1488,,"3,145","13,062","1,29,728","34,437","81,853","13,438"
Oklahoma,2007,0,0,"36,17,316","18,234",224,1565,,"3,392","13,053","1,28,714","34,367","80,747","13,600"
Oklahoma,2008,0,0,"36,42,361","19,359",215,1471,,"3,698","13,975","1,26,535","35,247","80,265","11,023"
Oklahoma,2009,0,0,"36,87,050","18,560",234,1535,,"3,358","13,433","1,32,350","38,071","83,813","10,466"
Oklahoma,2010,0,0,"37,60,184","18,100",195,1469,,"3,345","13,091","1,29,464","37,848","81,303","10,313"
Oklahoma,2011,0,0,"37,84,163","17,311",212,1410,,"3,288","12,401","1,27,618","36,462","80,064","11,092"
Oklahoma,2012,0,0,"38,15,780","18,102",220,1622,,"3,248","13,012","1,30,969","36,094","83,131","11,744"
Oklahoma,2013,0,0,"38,53,118","17,187",198,1715,"2,314","3,023","11,652","1,26,418","33,512","81,624","11,282"
Oklahoma,2014,0,0,"38,78,051","15,744",175,1277,"1,777","3,048","10,744","1,15,982","29,508","75,891","10,583"
Oregon,2001,0,0,"34,73,441","10,650",84,1174,,"2,749","6,643","1,64,524","26,648","1,23,034","14,842"
Oregon,2002,0,0,"35,20,355","10,298",72,1238,,"2,742","6,246","1,61,145","25,696","1,18,925","16,524"
Oregon,2003,0,0,"35,64,330","10,506",68,1218,,"2,847","6,373","1,69,863","28,562","1,22,327","18,974"
Oregon,2004,0,0,"35,91,363","10,724",90,1283,,"2,751","6,600","1,66,475","30,072","1,17,868","18,535"
Oregon,2005,0,0,"36,38,871","10,444",80,1266,,"2,478","6,620","1,60,199","27,621","1,13,316","19,262"
Oregon,2006,0,0,"37,00,758","10,534",88,1219,,"2,711","6,516","1,37,858","24,324","98,897","14,637"
Oregon,2007,0,0,"37,47,455","11,015",76,1276,,"2,864","6,799","1,32,773","22,979","95,157","14,637"
Oregon,2008,0,0,"37,90,060","9,909",87,1183,,"2,656","5,983","1,25,169","21,115","92,677","11,377"
Oregon,2009,0,0,"38,25,657","9,968",88,1202,,"2,499","6,179","1,14,780","19,739","85,064","9,977"
Oregon,2010,0,0,"38,38,332","9,648",96,1239,,"2,421","5,892","1,16,657","20,035","87,494","9,128"
Oregon,2011,0,0,"38,68,229","9,643",84,1239,,"2,237","6,083","1,21,869","20,704","92,059","9,106"
Oregon,2012,0,0,"38,99,801","9,638",91,1159,,"2,419","5,969","1,26,417","22,051","94,114","10,252"
Oregon,2013,0,0,"39,28,068","9,536",82,1000,"1,464","2,394","5,596","1,25,083","20,808","94,363","9,912"
Oregon,2014,0,0,"39,70,239","9,224",81,1052,"1,458","2,093","5,592","1,14,305","17,230","87,526","9,549"
Pennsylvania,2001,0,0,"1,23,03,104","50,432",651,3467,,"17,500","28,814","3,13,408","54,345","2,23,350","35,713"
Pennsylvania,2002,0,0,"1,23,28,827","49,578",624,3731,,"17,163","28,060","3,00,868","55,610","2,12,441","32,817"
Pennsylvania,2003,0,0,"1,23,70,761","49,210",647,3556,,"17,980","27,027","3,00,639","53,918","2,13,279","33,442"
Pennsylvania,2004,0,0,"1,23,94,471","50,998",650,3535,,"18,474","28,339","2,99,611","54,443","2,14,199","30,969"
Pennsylvania,2005,0,0,"1,24,05,348","52,761",756,3586,,"19,214","29,205","3,00,444","56,134","2,14,916","29,394"
Pennsylvania,2006,0,0,"1,24,40,621","55,028",741,3611,,"21,095","29,581","3,04,589","57,739","2,17,142","29,708"
Pennsylvania,2007,0,0,"1,24,32,792","51,806",725,3443,,"19,440","28,198","2,93,850","56,091","2,11,248","26,511"
Pennsylvania,2008,0,0,"1,24,48,279","51,044",705,3485,,"18,873","27,981","3,00,294","58,687","2,19,115","22,492"
Pennsylvania,2009,0,0,"1,26,04,767","48,188",664,3626,,"17,504","26,394","2,77,182","54,772","2,04,588","17,822"
Pennsylvania,2010,0,0,"1,27,17,722","46,612",653,3472,,"16,375","26,112","2,76,366","55,206","2,04,440","16,720"
Pennsylvania,2011,0,0,"1,27,43,948","46,189",639,3339,,"16,165","26,046","2,83,442","57,966","2,08,604","16,872"
Pennsylvania,2012,0,0,"1,27,64,475","45,384",707,3371,,"15,735","25,571","2,76,562","57,040","2,04,409","15,113"
Pennsylvania,2013,0,0,"1,27,81,296","42,825",611,2728,"3,795","14,739","23,680","2,63,176","52,000","1,97,410","13,766"
Pennsylvania,2014,0,0,"1,27,87,209","40,164",614,2787,"3,827","13,534","22,189","2,47,016","45,720","1,88,256","13,040"
Rhode Island,2001,0,0,"10,59,659","3,278",39,416,,986,"1,837","35,742","6,824","23,875","5,043"
Rhode Island,2002,0,0,"10,68,326","3,051",41,395,,916,"1,699","35,342","6,415","24,051","4,876"
Rhode Island,2003,0,0,"10,76,084","3,074",25,505,,830,"1,714","32,231","5,524","22,320","4,387"
Rhode Island,2004,0,0,"10,79,916","2,673",26,320,,731,"1,596","31,166","5,465","21,623","4,078"
Rhode Island,2005,0,0,"10,73,579","2,710",34,323,,776,"1,577","29,287","5,319","19,567","4,401"
Rhode Island,2006,0,0,"10,67,610","2,460",27,289,,740,"1,404","27,914","5,453","18,852","3,609"
Rhode Island,2007,0,0,"10,57,832","2,424",19,258,,760,"1,387","27,576","5,206","19,175","3,195"
Rhode Island,2008,0,0,"10,50,788","2,656",31,282,,880,"1,463","29,895","5,766","20,926","3,203"
Rhode Island,2009,0,0,"10,53,209","2,678",32,296,,785,"1,565","27,558","5,753","19,403","2,402"
Rhode Island,2010,0,0,"10,52,528","2,709",29,298,,782,"1,600","26,959","6,124","18,432","2,403"
Rhode Island,2011,0,0,"10,50,646","2,586",20,319,,744,"1,503","27,976","6,836","18,765","2,375"
Rhode Island,2012,0,0,"10,50,304","2,657",36,292,,715,"1,614","27,039","5,929","18,478","2,632"
Rhode Island,2013,0,0,"10,53,354","2,710",31,333,449,683,"1,547","25,741","5,621","17,881","2,239"
Rhode Island,2014,0,0,"10,55,173","2,313",25,253,361,529,"1,398","22,935","4,823","16,279","1,833"
South Carolina,2001,0,0,"40,62,125","33,114",330,1769,,"5,987","25,028","1,86,054","42,611","1,26,742","16,701"
South Carolina,2002,0,0,"41,03,770","33,761",298,1959,,"5,774","25,730","1,83,808","43,745","1,23,196","16,867"
South Carolina,2003,0,0,"41,48,744","33,455",303,1952,,"5,801","25,399","1,87,592","43,993","1,27,809","15,790"
South Carolina,2004,0,0,"41,97,892","33,160",286,1772,,"5,468","25,634","1,90,456","43,739","1,30,991","15,726"
South Carolina,2005,0,0,"42,46,933","32,590",314,1862,,"5,657","24,757","1,85,606","42,741","1,26,489","16,376"
South Carolina,2006,0,0,"43,21,249","33,322",362,1834,,"5,902","25,224","1,84,712","42,952","1,25,075","16,685"
South Carolina,2007,0,0,"44,07,709","34,630",364,1773,,"6,354","26,139","1,89,304","45,398","1,26,802","17,104"
South Carolina,2008,0,0,"44,79,800","32,746",307,1686,,"6,595","24,158","1,89,950","45,964","1,26,316","17,670"
South Carolina,2009,0,0,"45,61,242","30,799",305,1663,,"5,753","23,078","1,78,310","45,443","1,19,250","13,617"
South Carolina,2010,0,0,"46,37,106","27,923",265,1551,,"5,017","21,090","1,81,098","46,261","1,21,544","13,293"
South Carolina,2011,0,0,"46,73,348","27,894",320,1678,,"4,631","21,265","1,83,243","47,351","1,22,255","13,637"
South Carolina,2012,0,0,"47,23,417","26,474",332,1712,,"4,511","19,919","1,81,049","45,222","1,22,340","13,487"
South Carolina,2013,0,0,"47,71,929","24,263",305,1739,"2,233","3,965","17,760","1,73,261","40,930","1,19,730","12,601"
South Carolina,2014,0,0,"48,32,482","24,052",311,1480,"2,068","3,997","17,676","1,67,217","36,721","1,17,594","12,902"
South Dakota,2001,0,0,"7,58,324","1,171",7,351,,103,710,"16,473","3,087","12,571",815
South Dakota,2002,0,0,"7,60,437","1,350",11,361,,117,861,"15,992","3,034","12,139",819
South Dakota,2003,0,0,"7,64,905","1,329",10,356,,104,859,"15,324","2,878","11,572",874
South Dakota,2004,0,0,"7,70,621","1,319",17,336,,112,854,"14,885","3,148","10,890",847
South Dakota,2005,0,0,"7,74,883","1,387",18,377,,145,847,"13,694","2,505","10,350",839
South Dakota,2006,0,0,"7,81,919","2,071",30,465,,158,"1,418","13,812","3,024","9,954",834
South Dakota,2007,0,0,"7,96,214","1,926",31,433,,118,"1,344","13,829","2,647","10,398",784
South Dakota,2008,0,0,"8,04,194","2,227",37,562,,134,"1,494","13,867","2,683","10,266",918
South Dakota,2009,0,0,"8,12,383","1,777",30,501,,117,"1,129","14,378","2,621","10,891",866
South Dakota,2010,0,0,"8,16,598","2,196",23,385,,154,"1,634","15,188","3,192","11,196",800
South Dakota,2011,0,0,"8,23,593","2,105",20,503,,167,"1,415","15,299","2,927","11,423",949
South Dakota,2012,0,0,"8,34,047","2,701",23,600,,157,"1,921","17,326","3,280","12,973","1,073"
South Dakota,2013,0,0,"8,45,510","2,733",18,454,507,156,"2,052","16,274","3,383","11,955",936
South Dakota,2014,0,0,"8,53,175","2,786",20,413,470,200,"2,096","15,902","2,818","12,077","1,007"
Tennessee,2001,0,0,"57,49,398","42,776",423,2196,,"10,219","29,938","2,52,992","59,705","1,65,015","28,272"
Tennessee,2002,0,0,"57,89,796","41,562",420,2290,,"9,413","29,439","2,49,399","61,248","1,61,610","26,541"
Tennessee,2003,0,0,"58,45,208","40,409",396,2129,,"9,413","28,471","2,56,565","63,323","1,66,769","26,473"
Tennessee,2004,0,0,"58,93,298","41,113",357,2282,,"8,863","29,611","2,54,991","60,386","1,69,828","24,777"
Tennessee,2005,0,0,"59,55,745","45,104",431,2194,,"10,009","32,470","2,56,093","61,508","1,69,357","25,228"
Tennessee,2006,0,0,"60,38,803","46,043",419,2194,,"11,143","32,287","2,49,860","63,024","1,64,183","22,653"
Tennessee,2007,0,0,"61,56,719","46,482",405,2201,,"11,033","32,843","2,52,342","61,817","1,68,807","21,718"
Tennessee,2008,0,0,"62,14,888","44,913",412,2078,,"10,804","31,619","2,51,089","65,093","1,66,793","19,203"
Tennessee,2009,0,0,"62,96,254","41,933",468,2019,,"9,653","29,793","2,37,157","63,832","1,58,309","15,016"
Tennessee,2010,0,0,"63,57,436","38,909",359,2173,,"8,361","28,016","2,32,855","64,293","1,53,729","14,833"
Tennessee,2011,0,0,"63,99,787","38,895",380,2095,,"8,082","28,338","2,30,900","62,830","1,53,928","14,142"
Tennessee,2012,0,0,"64,54,914","41,213",400,2047,,"8,151","30,615","2,17,925","56,231","1,48,731","12,963"
Tennessee,2013,0,0,"64,97,269","38,063",335,1904,"2,500","7,333","27,895","2,07,683","51,334","1,44,443","11,906"
Tennessee,2014,0,0,"65,49,352","39,848",371,1861,"2,531","7,265","29,681","2,00,447","46,642","1,41,206","12,599"
Texas,2001,0,0,"2,13,70,983","1,22,155","1,332",8169,,"35,348","77,306","9,76,654","2,04,362","6,69,625","1,02,667"
Texas,2002,0,0,"2,17,36,925","1,26,018","1,302",8508,,"37,580","78,628","10,04,274","2,12,602","6,88,992","1,02,680"
Texas,2003,0,0,"2,21,03,374","1,22,246","1,422",8025,,"37,017","75,782","10,16,735","2,19,877","6,98,644","98,214"
Texas,2004,0,0,"2,24,71,549","1,21,554","1,364",8388,,"35,817","75,985","10,10,702","2,20,118","6,96,507","94,077"
Texas,2005,0,0,"2,29,28,508","1,21,091","1,407",8511,,"35,790","75,383","9,90,293","2,19,828","6,77,042","93,423"
Texas,2006,0,0,"2,35,07,783","1,21,602","1,386",8429,,"37,256","74,531","9,59,846","2,15,710","6,48,711","95,425"
Texas,2007,0,0,"2,39,04,380","1,22,014","1,419",8460,,"38,778","73,357","9,85,421","2,28,320","6,63,101","94,000"
Texas,2008,0,0,"2,43,26,974","1,23,585","1,370",8055,,"37,739","76,421","9,69,865","2,30,046","6,54,435","85,384"
Texas,2009,0,0,"2,47,82,302","1,21,684","1,330",8311,,"38,022","74,021","9,95,082","2,40,058","6,78,455","76,569"
Texas,2010,0,0,"2,52,53,466","1,13,231","1,249",7622,,"32,843","71,517","9,51,246","2,28,597","6,54,626","68,023"
Texas,2011,0,0,"2,56,31,778","1,04,734","1,130",7486,,"28,620","67,498","8,92,810","2,15,755","6,13,131","63,924"
Texas,2012,0,0,"2,60,60,796","1,06,475","1,148",7715,,"30,385","67,227","8,76,459","2,05,002","6,06,425","65,032"
Texas,2013,0,0,"2,65,05,637","1,08,757","1,140",7610,"10,456","31,810","65,351","8,62,289","1,91,062","6,05,440","65,787"
Texas,2014,0,0,"2,69,56,958","1,09,414","1,184",8236,"11,393","31,181","65,656","8,13,934","1,69,234","5,76,154","68,546"
Utah,2001,0,0,"22,78,712","5,314",67,896,,"1,197","3,154","90,993","13,804","70,676","6,513"
Utah,2002,0,0,"23,18,789","5,488",47,943,,"1,140","3,358","97,641","15,124","74,795","7,722"
Utah,2003,0,0,"23,52,119","5,889",60,919,,"1,258","3,652","1,00,084","16,961","75,321","7,802"
Utah,2004,0,0,"24,20,708","5,647",46,967,,"1,236","3,398","97,762","15,225","74,889","7,648"
Utah,2005,0,0,"24,90,334","5,612",56,920,,"1,095","3,541","95,546","14,971","72,082","8,493"
Utah,2006,0,0,"25,50,063","5,771",51,891,,"1,242","3,587","89,572","14,721","66,480","8,371"
Utah,2007,0,0,"26,45,330","6,347",59,935,,"1,425","3,928","93,082","15,594","68,573","8,915"
Utah,2008,0,0,"27,36,424","6,165",41,915,,"1,421","3,788","92,373","14,766","70,299","7,308"
Utah,2009,0,0,"27,84,572","5,998",39,941,,"1,304","3,714","91,751","15,258","69,556","6,937"
Utah,2010,0,0,"27,75,479","5,925",53,983,,"1,269","3,620","88,316","15,095","67,242","5,979"
Utah,2011,0,0,"28,14,347","5,547",50,901,,"1,079","3,517","84,084","13,170","64,727","6,187"
Utah,2012,0,0,"28,54,871","5,939",52,975,,"1,105","3,807","86,284","13,095","67,157","6,032"
Utah,2013,0,0,"29,02,787","6,644",51,926,"1,522","1,247","3,824","88,334","13,727","67,115","7,492"
Utah,2014,0,0,"29,42,902","6,346",67,945,"1,454","1,312","3,513","84,711","11,518","65,895","7,298"
Vermont,2001,0,0,"6,12,978",644,7,107,,107,423,"16,334","3,150","12,426",758
Vermont,2002,0,0,"6,16,408",658,13,126,,77,442,"14,942","3,489","10,684",769
Vermont,2003,0,0,"6,19,343",707,15,126,,62,504,"13,803","3,017","10,132",654
Vermont,2004,0,0,"6,21,233",713,16,160,,78,459,"14,559","3,435","10,537",587
Vermont,2005,0,0,"6,22,387",782,8,153,,76,545,"14,749","3,185","10,894",670
Vermont,2006,0,0,"6,23,908",905,14,173,,114,604,"14,920","3,443","10,857",620
Vermont,2007,0,0,"6,21,254",802,13,128,,79,582,"14,702","3,200","10,853",649
Vermont,2008,0,0,"6,21,270",854,17,133,,93,611,"15,903","3,515","11,802",586
Vermont,2009,0,0,"6,21,760",837,8,132,,111,586,"15,010","3,471","11,090",449
Vermont,2010,0,0,"6,25,909",820,7,141,,76,596,"14,160","3,348","10,373",439
Vermont,2011,0,0,"6,26,592",925,11,146,,99,669,"15,086","3,838","10,720",528
Vermont,2012,0,0,"6,25,953",891,8,131,,114,638,"15,653","4,179","11,014",460
Vermont,2013,0,0,"6,26,855",775,10,113,136,75,554,"13,882","3,352","10,193",337
Vermont,2014,0,0,"6,26,562",622,10,99,110,70,432,"9,551","2,034","7,273",244
Virginia,2001,0,0,"71,96,750","20,939",364,1770,,"6,860","11,945","2,07,506","31,604","1,57,060","18,842"
Virginia,2002,0,0,"72,87,829","21,256",388,1839,,"6,961","12,068","2,07,783","31,757","1,57,548","18,478"
Virginia,2003,0,0,"73,65,284","20,490",416,1807,,"6,713","11,554","2,00,449","29,105","1,53,367","17,977"
Virginia,2004,0,0,"74,81,332","20,608",390,1816,,"6,899","11,503","2,00,368","28,759","1,54,154","17,455"
Virginia,2005,0,0,"75,64,327","21,434",458,1763,,"7,495","11,718","2,00,404","29,829","1,54,584","15,991"
Virginia,2006,0,0,"76,42,884","21,683",403,1829,,"7,779","11,672","1,90,257","32,166","1,43,292","14,799"
Virginia,2007,0,0,"77,12,091","21,035",415,1793,,"7,696","11,131","1,91,763","32,028","1,45,634","14,101"
Virginia,2008,0,0,"77,69,089","20,031",370,1794,,"7,470","10,397","1,96,726","32,188","1,51,191","13,347"
Virginia,2009,0,0,"78,82,590","18,195",370,1572,,"6,342","9,911","1,94,020","31,956","1,50,374","11,690"
Virginia,2010,0,0,"80,23,953","17,184",376,1580,,"5,678","9,550","1,87,403","30,804","1,45,990","10,609"
Virginia,2011,0,0,"81,04,384","16,014",304,1591,,"5,425","8,694","1,82,902","30,656","1,42,476","9,770"
Virginia,2012,0,0,"81,86,628","15,676",322,1505,,"4,718","9,131","1,78,434","29,651","1,39,654","9,129"
Virginia,2013,0,0,"82,70,345","16,355",320,1476,"2,350","4,574","9,111","1,71,558","26,717","1,36,215","8,626"
Virginia,2014,0,0,"83,26,289","16,340",338,1432,"2,310","4,292","9,400","1,60,720","23,122","1,29,933","7,665"
Washington,2001,0,0,"59,93,390","21,258",179,2600,,"5,934","12,545","2,87,234","53,024","1,95,133","39,077"
Washington,2002,0,0,"60,67,060","20,964",184,2734,,"5,797","12,249","2,88,967","54,948","1,93,526","40,493"
Washington,2003,0,0,"61,31,298","21,272",182,2863,,"5,718","12,509","2,91,542","58,271","1,92,653","40,618"
Washington,2004,0,0,"62,07,046","21,330",190,2857,,"5,866","12,417","3,00,837","60,632","1,96,972","43,233"
Washington,2005,0,0,"62,91,899","21,745",205,2811,,"5,788","12,941","3,07,661","60,343","1,98,031","49,287"
Washington,2006,0,0,"63,95,798","22,303",197,2748,,"6,424","12,934","2,88,456","58,843","1,83,179","46,434"
Washington,2007,0,0,"64,68,424","21,768",174,2653,,"6,079","12,862","2,61,776","52,874","1,70,782","38,120"
Washington,2008,0,0,"65,49,224","21,888",193,2653,,"6,419","12,623","2,49,283","53,136","1,67,013","29,134"
Washington,2009,0,0,"66,64,195","22,412",190,2583,,"6,711","12,928","2,45,215","53,047","1,68,421","23,747"
Washington,2010,0,0,"67,42,950","21,138",154,2579,,"5,929","12,476","2,49,426","55,192","1,68,490","25,744"
Washington,2011,0,0,"68,23,267","20,152",163,2320,,"5,627","12,042","2,44,209","56,561","1,62,828","24,820"
Washington,2012,0,0,"68,95,318","20,553",217,2250,,"5,801","12,285","2,54,377","61,376","1,66,338","26,663"
Washington,2013,0,0,"69,73,742","20,223",167,2072,"2,604","5,829","11,623","2,59,139","58,487","1,72,227","28,425"
Washington,2014,0,0,"70,61,530","20,136",174,2171,"2,695","5,640","11,627","2,61,706","55,290","1,75,769","30,647"
West Virginia,2001,0,0,"18,00,975","5,035",40,320,,707,"3,968","41,085","9,601","28,268","3,216"
West Virginia,2002,0,0,"18,04,884","4,221",57,328,,657,"3,179","41,099","9,677","27,524","3,898"
West Virginia,2003,0,0,"18,11,440","4,627",73,311,,701,"3,542","42,370","10,498","28,409","3,463"
West Virginia,2004,0,0,"18,12,548","5,110",68,346,,774,"3,922","46,326","10,994","31,566","3,766"
West Virginia,2005,0,0,"18,14,083","4,968",82,335,,816,"3,735","47,757","11,334","32,603","3,820"
West Virginia,2006,0,0,"18,18,470","5,113",80,404,,853,"3,776","47,941","11,579","32,305","4,057"
West Virginia,2007,0,0,"18,12,035","5,016",65,388,,847,"3,716","45,620","10,822","31,321","3,477"
West Virginia,2008,0,0,"18,14,468","5,006",67,389,,896,"3,654","45,971","10,840","31,967","3,164"
West Virginia,2009,0,0,"18,19,777","5,554",84,470,,914,"4,086","46,215","12,005","31,453","2,757"
West Virginia,2010,0,0,"18,54,368","5,586",58,362,,776,"4,390","41,301","10,778","28,104","2,419"
West Virginia,2011,0,0,"18,54,908","5,497",87,372,,802,"4,236","39,009","10,245","26,656","2,108"
West Virginia,2012,0,0,"18,56,680","5,943",70,415,,835,"4,623","44,500","11,466","30,800","2,234"
West Virginia,2013,0,0,"18,53,595","5,657",62,367,700,653,"4,242","39,929","9,908","28,055","1,966"
West Virginia,2014,0,0,"18,50,326","5,588",74,285,505,651,"4,358","37,648","8,973","26,779","1,896"
Wisconsin,2001,0,0,"54,05,947","12,486",192,1142,,"4,444","6,708","1,66,924","26,927","1,25,275","14,722"
Wisconsin,2002,0,0,"54,39,692","12,238",154,1237,,"4,713","6,134","1,64,749","27,926","1,23,365","13,458"
Wisconsin,2003,0,0,"54,74,290","12,104",183,1202,,"4,397","6,322","1,57,684","26,546","1,18,775","12,363"
Wisconsin,2004,0,0,"55,03,533","11,548",154,1136,,"4,067","6,191","1,46,710","23,854","1,11,482","11,374"
Wisconsin,2005,0,0,"55,27,644","13,367",206,1135,,"4,555","7,471","1,47,556","24,448","1,10,531","12,577"
Wisconsin,2006,0,0,"55,56,506","15,899",165,1233,,"5,564","8,937","1,56,748","27,038","1,15,682","14,028"
Wisconsin,2007,0,0,"56,01,640","16,330",185,1227,,"5,480","9,438","1,59,305","27,890","1,17,957","13,458"
Wisconsin,2008,0,0,"56,27,967","15,507",146,1128,,"5,163","9,070","1,55,456","27,459","1,16,456","11,541"
Wisconsin,2009,0,0,"56,54,774","14,650",146,1118,,"4,904","8,482","1,47,692","26,813","1,11,947","8,932"
Wisconsin,2010,0,0,"56,91,659","14,167",155,1191,,"4,516","8,305","1,42,781","26,636","1,07,993","8,152"
Wisconsin,2011,0,0,"57,09,843","14,268",138,1190,,"4,600","8,340","1,39,912","27,167","1,04,472","8,273"
Wisconsin,2012,0,0,"57,24,554","16,254",169,1228,,"4,692","10,165","1,40,780","27,931","1,04,619","8,230"
Wisconsin,2013,0,0,"57,42,953","16,118",163,1308,"1,836","4,834","9,285","1,25,694","24,358","93,946","7,390"
Wisconsin,2014,0,0,"57,57,564","16,714",165,1168,"1,674","5,066","9,809","1,20,238","21,216","89,103","9,919"
Wyoming,2001,0,0,"4,93,754","1,272",9,153,,84,"1,026","16,120","2,481","12,943",696
Wyoming,2002,0,0,"4,98,830","1,364",15,148,,93,"1,108","16,494","2,448","13,303",743
Wyoming,2003,0,0,"5,02,111","1,314",14,136,,84,"1,080","16,648","2,611","13,239",798
Wyoming,2004,0,0,"5,05,887","1,163",11,112,,67,973,"16,889","2,738","13,352",799
Wyoming,2005,0,0,"5,08,798","1,172",14,122,,78,958,"16,070","2,426","12,905",739
Wyoming,2006,0,0,"5,15,004","1,307",13,151,,72,"1,071","15,381","2,322","12,255",804
Wyoming,2007,0,0,"5,22,830","1,344",21,172,,84,"1,067","15,053","2,365","11,875",813
Wyoming,2008,0,0,"5,32,668","1,330",12,185,,87,"1,046","14,515","2,198","11,584",733
Wyoming,2009,0,0,"5,44,270","1,196",11,172,,78,935,"14,243","2,176","11,310",757
Wyoming,2010,0,0,"5,64,554","1,117",8,162,,77,870,"13,869","2,151","11,126",592
Wyoming,2011,0,0,"5,67,356","1,245",18,146,,71,"1,010","12,878","1,864","10,493",521
Wyoming,2012,0,0,"5,76,626","1,161",14,154,,61,932,"13,222","2,125","10,513",584
Wyoming,2013,0,0,"5,83,223","1,212",17,144,204,74,917,"12,809","1,956","10,275",578
Wyoming,2014,0,0,"5,84,153","1,142",16,126,174,53,899,"11,477","1,689","9,185",603
     Connecticut,2015,0,0,3590886,7845,117,582,773,2892,4063,65066,10053,48675,6338
     Maine,2015,0,0,1329328,1729,23,354,474,311,921,24327,4684,18829,814
     Massachusetts,2015,0,0,6794422,26562,128,1608,2075,5288,19071,114871,21890,84912,8069
     New Hampshire,2015,0,0,1330608,2652,14,461,627,468,1543,23229,3467,18871,891
     Rhode Island,2015,0,0,1056298,2562,29,338,459,556,1518,20043,3947,14707,1389
     Vermont,2015,0,0,626042,739,10,121,136,101,492,8806,1968,6660,178
     New Jersey,2015,0,0,8958013,22879,363,1019,1373,9729,11414,145701,27960,105963,11778
     Pennsylvania,2015,0,0,12802503,40339,658,3122,4305,13003,22373,232085,39664,180287,12134
     Illinois,2015,0,0,12859995,49354,744,3549,4821,14910,28879,255729,46443,191634,17652
     Indiana,2015,0,0,6619680,25653,373,1789,2404,7111,15765,171847,34410,123918,13519
     Michigan,2015,0,0,9922576,41231,571,4163,6450,7796,26414,187101,40041,131296,15764
     Ohio,2015,0,0,11613423,33898,500,4154,5149,12554,15695,300525,69303,213993,17229
Wisconsin,2015,0,0,5771337,17647,240,1224,1780,5232,10395,113924,19554,83385,10985
     Iowa,2015,0,0,3123899,8936,72,851,1156,1047,6661,63957,14892,44723,4342
     Kansas,2015,0,0,2911641,11353,128,1251,1615,1818,7792,79199,15362,56880,6957
     Minnesota,2015,0,0,5489594,13319,133,1686,2321,3771,7094,121984,19299,94704,7981
     Missouri,2015,0,0,6083672,30261,502,1854,2553,6376,20830,173642,34006,122637,16999
     Nebraska,2015,0,0,1896190,5212,62,652,873,994,3283,42495,6422,32072,4001
     North Dakota,2015,0,0,756927,1812,21,276,345,148,1298,16020,2997,11440,1583
     South Dakota,2015,0,0,858469,3289,32,441,495,216,2546,16680,2960,12532,1188
     Delaware,2015,0,0,945934,4720,63,243,341,1235,3081,25455,4773,19501,1181
     District of Columbia,2015,0,0,672228,8531,162,366,494,3742,4133,31435,2971,25200,3264
     Florida,2015,0,0,20271272,93626,1041,5430,7553,21137,63895,570270,109268,420341,40661
     Georgia,2015,1,0,10214860,38643,615,2296,3224,12247,22557,308723,66374,215867,26482
     Maryland,2015,0,0,6006401,27462,516,1184,1666,9863,15417,139048,25678,100219,13151
     North Carolina,2015,0,0,10042802,34852,517,1939,2684,8825,22826,276183,74841,187907,13435
     South Carolina,2015,0,0,4896146,24700,399,1707,2297,3931,18073,161245,34551,113724,12970
     Virginia,2015,0,0,8382993,16399,383,1493,2340,4441,9235,156470,21340,127019,8111
     West Virginia,2015,0,0,1844128,6231,70,420,672,760,4729,37251,9170,25842,2239
     Alabama,2015,0,0,4858979,22952,348,1456,2039,4611,15954,144746,35255,99156,10335
     Kentucky,2015,0,0,4425092,9676,209,997,1492,3307,4668,96362,22260,66320,7782
     Mississippi,2015,0,0,2992333,8254,259,862,1203,2294,4498,84790,24799,55748,4243
     Tennessee,2015,0,0,6600299,40400,406,1966,2676,7474,29844,193796,43247,137679,12870
     Arkansas,2015,0,0,2978204,15526,181,1300,1931,2098,11316,96836,22640,68424,5772
     Louisiana,2015,0,0,4670724,25208,481,1260,1723,5550,17454,156629,35453,111435,9741
     Oklahoma,2015,0,0,3911338,16506,234,1352,1849,3005,11418,112878,28406,74022,10450
     Texas,2015,0,0,27469114,113227,1316,8925,12250,31934,67727,777739,153054,557200,67485
     Arizona,2015,0,0,6828065,28012,309,2294,3108,6360,18235,207107,37957,152365,16785
     Colorado,2015,0,0,5456574,17515,176,2377,3257,3323,10759,144136,23454,104682,16000
     Idaho,2015,0,0,1654930,3568,32,533,694,192,2650,28858,6124,20863,1871
     Montana,2015,0,0,1032949,3611,36,431,547,210,2818,27100,3838,20844,2418
     Nevada,2015,0,0,2890845,20118,178,1238,1688,6287,11965,77137,22360,43426,11351
     New Mexico,2015,0,0,2085109,13681,117,1215,1672,2485,9407,77094,17085,51483,8526
     Utah,2015,0,0,2995919,7071,54,1098,1645,1326,4046,89278,12468,68103,8707
     Wyoming,2015,0,0,586107,1302,16,125,173,59,1054,11151,1762,8797,592
     Alaska,2015,0,0,738432,5392,59,650,901,761,3671,20806,3511,15249,2046
     California,2015,0,0,39144818,166883,1861,9387,12811,52862,99349,1024914,197404,656517,170993
     Hawaii,2015,0,0,1431603,4201,19,400,561,1203,2418,54346,6557,42010,5779
     Oregon,2015,0,0,4028977,10468,99,1164,1593,2146,6630,118719,18336,89836,10547
     Washington,2015,0,0,7170351,20394,211,2193,2705,5449,12029,248369,50993,170509,26867
Puerto Rico,2015,0,0,3474182,7629,584,123,165,4070,2810,37717,9150,24493,4074
